image_id,id
000001.jpg,2880
000096.jpg,4262
000116.jpg,4887
000150.jpg,6568
000404.jpg,2880
000838.jpg,4887
001553.jpg,2820
001786.jpg,1757
002263.jpg,8910
002267.jpg,6725
002271.jpg,7786
002278.jpg,6354
002279.jpg,3745
002281.jpg,3648
002284.jpg,220
002289.jpg,8796
002290.jpg,1936
002292.jpg,1761
002294.jpg,6359
002306.jpg,3962
002314.jpg,5375
002318.jpg,8412
002322.jpg,1339
002323.jpg,7143
002324.jpg,10159
002334.jpg,3167
002336.jpg,5635
002342.jpg,6065
002349.jpg,5638
002358.jpg,4824
002360.jpg,5264
002363.jpg,4782
002371.jpg,5050
002378.jpg,4582
002384.jpg,8648
002386.jpg,8704
002397.jpg,8779
002400.jpg,1700
002410.jpg,4987
002413.jpg,7120
002420.jpg,2253
002424.jpg,6298
002430.jpg,567
002432.jpg,3929
002434.jpg,8878
002437.jpg,3413
002438.jpg,66
002440.jpg,1646
002443.jpg,5416
002445.jpg,7131
002448.jpg,9794
002453.jpg,6100
002468.jpg,2160
002475.jpg,1301
002480.jpg,4884
002483.jpg,2301
002484.jpg,9646
002489.jpg,2550
002490.jpg,1033
002493.jpg,4549
002500.jpg,8810
002506.jpg,6159
002510.jpg,4028
002514.jpg,6188
002515.jpg,2301
002518.jpg,2562
002519.jpg,1245
002520.jpg,9915
002525.jpg,871
002536.jpg,2221
002540.jpg,6412
002545.jpg,5509
002555.jpg,7756
002558.jpg,2820
002562.jpg,3280
002575.jpg,1264
002581.jpg,3098
002588.jpg,6241
002596.jpg,5921
002600.jpg,8676
002601.jpg,2114
002604.jpg,5391
002605.jpg,8708
002606.jpg,1951
002608.jpg,8742
002614.jpg,9693
002618.jpg,4539
002622.jpg,7418
002624.jpg,2335
002718.jpg,4887
002727.jpg,7120
002764.jpg,9693
002857.jpg,6065
002877.jpg,9921
002883.jpg,1297
002887.jpg,4863
002895.jpg,5042
002897.jpg,5204
002903.jpg,5262
002910.jpg,8904
002912.jpg,8521
002913.jpg,8818
002919.jpg,2253
002928.jpg,6065
002995.jpg,4549
003020.jpg,8742
003106.jpg,2562
003121.jpg,2550
003159.jpg,2301
003354.jpg,4884
003415.jpg,2880
003545.jpg,7786
003568.jpg,2820
003646.jpg,4887
003647.jpg,3745
003665.jpg,7786
003673.jpg,6354
003680.jpg,4782
003732.jpg,3167
003832.jpg,8878
003838.jpg,1646
003871.jpg,7418
003946.jpg,3929
004044.jpg,3929
004062.jpg,4863
004123.jpg,567
004151.jpg,9794
004160.jpg,4987
004202.jpg,7756
004235.jpg,3280
004250.jpg,4782
004267.jpg,66
004274.jpg,5635
004390.jpg,2880
004472.jpg,7756
004501.jpg,10159
004508.jpg,1301
004531.jpg,3413
004571.jpg,8818
004663.jpg,3413
004698.jpg,6298
004730.jpg,9646
004761.jpg,66
004811.jpg,8796
004853.jpg,8810
004915.jpg,2221
004973.jpg,5050
005076.jpg,9915
005084.jpg,2221
005133.jpg,567
005190.jpg,8910
005265.jpg,2820
005274.jpg,6725
005389.jpg,5050
005444.jpg,4028
005464.jpg,5638
005684.jpg,9794
005728.jpg,4539
005748.jpg,6359
005758.jpg,8818
005781.jpg,8708
005818.jpg,6354
005862.jpg,3098
005888.jpg,8878
005928.jpg,7120
005941.jpg,7756
005950.jpg,8968
006002.jpg,1264
006041.jpg,3648
006090.jpg,5509
006217.jpg,6298
006236.jpg,9840
006298.jpg,10159
006367.jpg,7131
006565.jpg,1033
006569.jpg,2221
006572.jpg,7786
006590.jpg,7786
006645.jpg,9921
006686.jpg,5638
006733.jpg,3280
006762.jpg,8412
006829.jpg,3699
006865.jpg,9646
006940.jpg,8521
006946.jpg,4824
007066.jpg,8878
007130.jpg,6354
007188.jpg,3167
007311.jpg,2301
007396.jpg,1936
007471.jpg,4582
007515.jpg,10159
007679.jpg,3413
007768.jpg,8779
007770.jpg,4262
007775.jpg,4582
007825.jpg,1301
007833.jpg,4863
007835.jpg,220
007984.jpg,9693
008052.jpg,4824
008114.jpg,6159
008172.jpg,3699
008235.jpg,2820
008239.jpg,5375
008286.jpg,2820
008297.jpg,1761
008469.jpg,1245
008475.jpg,9693
008640.jpg,1297
008669.jpg,1245
008712.jpg,8708
008766.jpg,6159
008777.jpg,567
008796.jpg,8648
008905.jpg,8704
009052.jpg,4782
009109.jpg,6412
009119.jpg,9646
009122.jpg,4126
009189.jpg,1297
009193.jpg,9152
009205.jpg,1757
009241.jpg,2114
009310.jpg,7756
009395.jpg,9915
009396.jpg,4863
009397.jpg,5638
009554.jpg,5508
009600.jpg,9065
009613.jpg,2643
009615.jpg,1784
009625.jpg,3929
009626.jpg,7881
009657.jpg,6648
009665.jpg,8818
009666.jpg,10149
009795.jpg,4887
009845.jpg,4539
009848.jpg,6359
009872.jpg,4028
009936.jpg,3962
009943.jpg,2550
010062.jpg,5509
010068.jpg,1757
010081.jpg,567
010084.jpg,1245
010089.jpg,4262
010092.jpg,1757
010105.jpg,5921
010119.jpg,2562
010124.jpg,5638
010142.jpg,4028
010169.jpg,1264
010210.jpg,1033
010212.jpg,9065
010238.jpg,8818
010266.jpg,9065
010294.jpg,5375
010353.jpg,5635
010384.jpg,5921
010466.jpg,4987
010499.jpg,10149
010555.jpg,4987
010765.jpg,4126
010855.jpg,4163
010913.jpg,2065
010919.jpg,7145
010936.jpg,6672
010947.jpg,3648
010971.jpg,4126
010999.jpg,3745
011006.jpg,6403
011008.jpg,1339
011027.jpg,6371
011036.jpg,2603
011038.jpg,4953
011052.jpg,4164
011061.jpg,5449
011071.jpg,2870
011073.jpg,95
011087.jpg,7145
011120.jpg,5050
011121.jpg,2516
011123.jpg,4028
011144.jpg,4671
011155.jpg,353
011160.jpg,5375
011161.jpg,6065
011191.jpg,4028
011219.jpg,5313
011222.jpg,5391
011230.jpg,8807
011256.jpg,15
011257.jpg,9902
011265.jpg,9902
011266.jpg,2296
011281.jpg,1275
011287.jpg,987
011319.jpg,2516
011355.jpg,8656
011358.jpg,4891
011388.jpg,1187
011391.jpg,1993
011450.jpg,4828
011479.jpg,3270
011486.jpg,8910
011511.jpg,2070
011527.jpg,8562
011558.jpg,1660
011564.jpg,8676
011573.jpg,4255
011574.jpg,8779
011596.jpg,4255
011629.jpg,9090
011640.jpg,2296
011659.jpg,66
011663.jpg,447
011679.jpg,10083
011692.jpg,8549
011702.jpg,5028
011718.jpg,2550
011738.jpg,5029
011753.jpg,2070
011765.jpg,5180
011802.jpg,9315
011812.jpg,4102
011826.jpg,2335
011833.jpg,600
011835.jpg,8807
011865.jpg,991
011883.jpg,8448
011890.jpg,8549
011915.jpg,6502
011924.jpg,3929
011925.jpg,363
011926.jpg,5416
011929.jpg,5042
011951.jpg,2483
011955.jpg,3989
011966.jpg,6452
011989.jpg,1288
012026.jpg,1805
012034.jpg,4946
012049.jpg,284
012096.jpg,8910
012099.jpg,5125
012101.jpg,2820
012104.jpg,447
012153.jpg,5732
012160.jpg,9840
012165.jpg,66
012170.jpg,2061
012176.jpg,8796
012181.jpg,600
012197.jpg,8656
012221.jpg,3895
012231.jpg,6159
012232.jpg,7519
012235.jpg,8723
012252.jpg,284
012277.jpg,6143
012278.jpg,5896
012307.jpg,8560
012309.jpg,1951
012358.jpg,8549
012359.jpg,1297
012367.jpg,4035
012370.jpg,2870
012402.jpg,9156
012422.jpg,5375
012428.jpg,1275
012443.jpg,567
012448.jpg,4293
012456.jpg,3413
012513.jpg,2416
012519.jpg,4849
012558.jpg,4197
012561.jpg,3383
012580.jpg,567
012623.jpg,4163
012630.jpg,3270
012643.jpg,6524
012646.jpg,6359
012657.jpg,1580
012658.jpg,5494
012665.jpg,7131
012669.jpg,9119
012673.jpg,3098
012674.jpg,5313
012676.jpg,7120
012692.jpg,9119
012695.jpg,4326
012702.jpg,7070
012725.jpg,4720
012728.jpg,5262
012729.jpg,3719
012761.jpg,9152
012791.jpg,8904
012807.jpg,6403
012833.jpg,6524
012839.jpg,7154
012844.jpg,6065
012853.jpg,8742
012857.jpg,4794
012878.jpg,2253
012884.jpg,1275
012885.jpg,9156
012917.jpg,4054
012923.jpg,871
012928.jpg,8676
012953.jpg,6645
012967.jpg,9026
012982.jpg,9794
012990.jpg,4816
013006.jpg,8909
013056.jpg,4035
013093.jpg,7143
013127.jpg,1770
013138.jpg,15
013139.jpg,7768
013147.jpg,2083
013181.jpg,2573
013202.jpg,5418
013220.jpg,1784
013242.jpg,5028
013260.jpg,5125
013283.jpg,6524
013310.jpg,5418
013329.jpg,2335
013338.jpg,3699
013356.jpg,10149
013362.jpg,9794
013414.jpg,2221
013578.jpg,5375
013585.jpg,2516
013592.jpg,6354
013634.jpg,10159
013645.jpg,3745
013653.jpg,8779
013678.jpg,1660
013740.jpg,5509
013744.jpg,4126
013780.jpg,220
013802.jpg,4782
013810.jpg,5416
013824.jpg,6403
013865.jpg,2061
013892.jpg,4720
013918.jpg,6359
013946.jpg,6725
014039.jpg,5732
014045.jpg,2296
014049.jpg,284
014051.jpg,5508
014063.jpg,4164
014075.jpg,6524
014127.jpg,2061
014129.jpg,9915
014144.jpg,4863
014166.jpg,4262
014181.jpg,8807
014193.jpg,2643
014206.jpg,987
014239.jpg,4163
014259.jpg,7070
014260.jpg,5375
014276.jpg,7070
014293.jpg,8779
014298.jpg,3648
014313.jpg,6359
014331.jpg,5313
014338.jpg,9156
014362.jpg,6403
014392.jpg,600
014420.jpg,447
014501.jpg,4326
014557.jpg,3098
014593.jpg,9902
014597.jpg,9119
014620.jpg,6672
014621.jpg,5416
014624.jpg,7881
014633.jpg,9156
014654.jpg,4794
014662.jpg,4582
014689.jpg,8968
014715.jpg,2820
014728.jpg,6568
014730.jpg,3745
014757.jpg,2562
014783.jpg,4126
014786.jpg,3699
014808.jpg,1770
014829.jpg,6645
014919.jpg,2061
014929.jpg,5375
014960.jpg,4671
014989.jpg,2301
015062.jpg,6648
015093.jpg,4197
015121.jpg,4824
015123.jpg,871
015150.jpg,9026
015161.jpg,3280
015177.jpg,9840
015179.jpg,9090
015189.jpg,8676
015218.jpg,2114
015234.jpg,987
015237.jpg,3280
015306.jpg,1761
015324.jpg,1187
015370.jpg,2160
015449.jpg,8818
015450.jpg,7418
015458.jpg,9693
015487.jpg,1757
015518.jpg,8878
015530.jpg,6143
015532.jpg,7768
015587.jpg,66
015659.jpg,4884
015717.jpg,5029
015720.jpg,8448
015775.jpg,1761
015782.jpg,4164
015789.jpg,2573
015831.jpg,8904
015837.jpg,4035
015857.jpg,8807
015884.jpg,5028
015937.jpg,4028
016052.jpg,1264
016055.jpg,2483
016088.jpg,5508
016117.jpg,9693
016156.jpg,5029
016174.jpg,2820
016219.jpg,8676
016237.jpg,5509
016242.jpg,9119
016249.jpg,8560
016268.jpg,4539
016299.jpg,4671
016371.jpg,2516
016382.jpg,6725
016441.jpg,8723
016460.jpg,4891
016518.jpg,4054
016523.jpg,9156
016529.jpg,1805
016635.jpg,6188
016642.jpg,4863
016649.jpg,3648
016678.jpg,3648
016690.jpg,3745
016703.jpg,2160
016763.jpg,8818
016792.jpg,2160
016795.jpg,871
016837.jpg,4164
016852.jpg,4794
016992.jpg,8968
017073.jpg,5028
017077.jpg,4824
017230.jpg,4884
017314.jpg,7768
017348.jpg,4946
017375.jpg,8742
017437.jpg,5416
017481.jpg,4126
017510.jpg,7881
017512.jpg,4164
017516.jpg,1784
017554.jpg,1301
017630.jpg,4849
017648.jpg,5418
017733.jpg,7786
017756.jpg,9090
017769.jpg,2562
017820.jpg,3699
017830.jpg,4539
017834.jpg,4028
017838.jpg,8910
017842.jpg,1580
017850.jpg,4946
017861.jpg,871
017869.jpg,4539
017882.jpg,8560
017937.jpg,10159
017948.jpg,7143
018045.jpg,8560
018062.jpg,2880
018074.jpg,6645
018084.jpg,4782
018109.jpg,1297
018122.jpg,15
018144.jpg,2820
018151.jpg,5050
018166.jpg,1264
018217.jpg,5494
018236.jpg,4953
018284.jpg,4197
018294.jpg,8878
018306.jpg,8742
018344.jpg,4197
018499.jpg,2083
018509.jpg,5418
018512.jpg,4197
018528.jpg,4035
018538.jpg,871
018541.jpg,6143
018546.jpg,5375
018562.jpg,2550
018575.jpg,1700
018583.jpg,4887
018588.jpg,10083
018630.jpg,3719
018643.jpg,284
018647.jpg,3098
018654.jpg,8704
018690.jpg,4582
018719.jpg,9090
018747.jpg,5050
018806.jpg,6371
018813.jpg,5418
018821.jpg,3270
018883.jpg,5509
018888.jpg,4262
018898.jpg,3962
018902.jpg,3895
018909.jpg,2820
018916.jpg,6143
018982.jpg,284
018991.jpg,6725
019014.jpg,6159
019051.jpg,363
019064.jpg,3699
019068.jpg,5416
019101.jpg,1784
019117.jpg,3989
019140.jpg,5449
019178.jpg,8560
019195.jpg,4884
019200.jpg,2065
019215.jpg,7145
019218.jpg,2083
019219.jpg,6143
019226.jpg,4163
019250.jpg,3699
019266.jpg,220
019275.jpg,7756
019387.jpg,6524
019407.jpg,1936
019440.jpg,4326
019442.jpg,7154
019451.jpg,5050
019465.jpg,7154
019505.jpg,3989
019604.jpg,6298
019661.jpg,8648
019662.jpg,8909
019712.jpg,8676
019766.jpg,1770
019796.jpg,9090
019829.jpg,4549
019867.jpg,1297
019901.jpg,7143
019958.jpg,9156
019960.jpg,2083
019995.jpg,8910
020003.jpg,5050
020038.jpg,4293
020058.jpg,2516
020103.jpg,6648
020131.jpg,1993
020166.jpg,7786
020230.jpg,4549
020270.jpg,1646
020285.jpg,2483
020315.jpg,10083
020406.jpg,5896
020443.jpg,4671
020498.jpg,5050
020507.jpg,2070
020532.jpg,6188
020538.jpg,9646
020580.jpg,5125
020586.jpg,2296
020603.jpg,6568
020719.jpg,8909
020724.jpg,8807
020760.jpg,6241
020819.jpg,3989
020863.jpg,5042
020892.jpg,1646
020899.jpg,3745
020939.jpg,5635
020940.jpg,95
020954.jpg,7154
020955.jpg,8796
020965.jpg,8562
020968.jpg,6452
021011.jpg,5262
021029.jpg,1580
021076.jpg,2643
021097.jpg,6298
021111.jpg,9156
021194.jpg,1784
021205.jpg,4035
021255.jpg,2221
021286.jpg,5180
021287.jpg,9090
021316.jpg,8968
021349.jpg,7519
021352.jpg,9693
021361.jpg,9090
021372.jpg,2301
021390.jpg,7131
021397.jpg,4884
021504.jpg,7131
021593.jpg,5029
021637.jpg,5042
021644.jpg,9315
021646.jpg,1264
021676.jpg,9152
021677.jpg,1187
021698.jpg,353
021766.jpg,6725
021784.jpg,9315
021811.jpg,5050
021857.jpg,5418
021878.jpg,4262
021881.jpg,4953
021891.jpg,5635
021922.jpg,9315
021926.jpg,9119
021960.jpg,8807
022001.jpg,6452
022002.jpg,9119
022005.jpg,8796
022090.jpg,4816
022138.jpg,2483
022139.jpg,4262
022143.jpg,8878
022179.jpg,1770
022194.jpg,4828
022206.jpg,5508
022223.jpg,7881
022232.jpg,1993
022237.jpg,6725
022255.jpg,6452
022272.jpg,5494
022296.jpg,9065
022412.jpg,2083
022448.jpg,5418
022520.jpg,7418
022567.jpg,4197
022587.jpg,1951
022595.jpg,5125
022629.jpg,9090
022670.jpg,4891
022688.jpg,2562
022708.jpg,3929
022736.jpg,4539
022755.jpg,5494
022762.jpg,2114
022791.jpg,4262
022847.jpg,6645
022874.jpg,1951
022885.jpg,1757
022892.jpg,4102
022901.jpg,66
022908.jpg,1264
022953.jpg,9915
022955.jpg,8521
022984.jpg,2114
023019.jpg,6100
023020.jpg,8560
023037.jpg,8412
023109.jpg,9156
023121.jpg,2253
023151.jpg,5508
023171.jpg,1264
023202.jpg,3719
023210.jpg,8560
023222.jpg,3270
023240.jpg,5042
023270.jpg,5050
023301.jpg,5635
023314.jpg,4891
023328.jpg,7786
023369.jpg,8904
023377.jpg,9693
023390.jpg,4255
023397.jpg,7418
023416.jpg,5028
023417.jpg,2061
023440.jpg,5391
023492.jpg,8648
023513.jpg,9794
023541.jpg,3719
023554.jpg,5180
023583.jpg,5494
023608.jpg,9902
023639.jpg,4824
023718.jpg,4035
023731.jpg,4816
023733.jpg,4946
023773.jpg,5125
023778.jpg,4828
023812.jpg,4884
023845.jpg,3719
024044.jpg,1187
024124.jpg,6354
024125.jpg,5262
024160.jpg,284
024168.jpg,10149
024175.jpg,5921
024184.jpg,1275
024209.jpg,3413
024239.jpg,4054
024254.jpg,1993
024293.jpg,1951
024344.jpg,9315
024355.jpg,3270
024443.jpg,9119
024460.jpg,6524
024496.jpg,6371
024510.jpg,7519
024512.jpg,4884
024513.jpg,1936
024636.jpg,6065
024645.jpg,8904
024653.jpg,6159
024667.jpg,4197
024739.jpg,3413
024750.jpg,4102
024816.jpg,1660
024833.jpg,4987
024843.jpg,5050
024902.jpg,2221
024919.jpg,220
024976.jpg,9026
025087.jpg,353
025099.jpg,3962
025103.jpg,1288
025104.jpg,284
025153.jpg,2296
025188.jpg,1187
025196.jpg,600
025244.jpg,2880
025260.jpg,5508
025273.jpg,2562
025298.jpg,4293
025323.jpg,4671
025324.jpg,9646
025354.jpg,5264
025478.jpg,991
025530.jpg,3270
025563.jpg,4126
025625.jpg,9065
025655.jpg,8910
025660.jpg,7070
025670.jpg,4887
025749.jpg,1951
025775.jpg,8704
025862.jpg,1264
025871.jpg,4262
025891.jpg,4163
025946.jpg,9915
025967.jpg,3098
025989.jpg,8779
026003.jpg,1646
026010.jpg,4255
026026.jpg,600
026052.jpg,8968
026115.jpg,3929
026124.jpg,6100
026134.jpg,1993
026141.jpg,9902
026221.jpg,5896
026283.jpg,8910
026322.jpg,1339
026334.jpg,3280
026389.jpg,9646
026395.jpg,8448
026408.jpg,3989
026421.jpg,7519
026437.jpg,15
026442.jpg,567
026476.jpg,10083
026477.jpg,7120
026492.jpg,10083
026500.jpg,8708
026535.jpg,2643
026574.jpg,2603
026575.jpg,3699
026677.jpg,8648
026678.jpg,9119
026721.jpg,987
026729.jpg,6159
026746.jpg,9840
026823.jpg,5638
026835.jpg,1275
026857.jpg,8810
026868.jpg,5042
026895.jpg,4887
026918.jpg,7418
027026.jpg,5125
027120.jpg,4828
027213.jpg,2065
027240.jpg,5313
027326.jpg,5262
027368.jpg,3719
027394.jpg,8704
027435.jpg,3413
027450.jpg,1033
027484.jpg,8810
027500.jpg,1187
027525.jpg,9065
027545.jpg,5264
027546.jpg,567
027580.jpg,5449
027584.jpg,8968
027602.jpg,3098
027657.jpg,8676
027666.jpg,1951
027682.jpg,1275
027770.jpg,8448
027771.jpg,2880
027804.jpg,4887
027819.jpg,4816
027828.jpg,6359
027848.jpg,7154
027879.jpg,9840
027930.jpg,1033
027958.jpg,4887
027965.jpg,8560
027980.jpg,1993
027994.jpg,8779
028040.jpg,6645
028055.jpg,3098
028071.jpg,8723
028101.jpg,8448
028103.jpg,5375
028106.jpg,1297
028152.jpg,3280
028190.jpg,1275
028219.jpg,4126
028241.jpg,6412
028251.jpg,2416
028283.jpg,5391
028312.jpg,1784
028375.jpg,6359
028415.jpg,363
028416.jpg,8676
028421.jpg,9902
028440.jpg,6371
028447.jpg,3413
028483.jpg,5029
028500.jpg,4849
028502.jpg,4054
028657.jpg,1761
028659.jpg,5375
028690.jpg,2820
028720.jpg,4887
028813.jpg,7145
028817.jpg,4255
028929.jpg,2516
028947.jpg,1936
029027.jpg,1288
029112.jpg,4163
029130.jpg,5125
029134.jpg,7881
029163.jpg,2603
029170.jpg,4197
029202.jpg,4816
029204.jpg,6568
029240.jpg,8708
029288.jpg,1275
029394.jpg,1301
029398.jpg,284
029411.jpg,2603
029524.jpg,5313
029575.jpg,9921
029639.jpg,4028
029646.jpg,9915
029662.jpg,2083
029666.jpg,3699
029667.jpg,9152
029675.jpg,9921
029678.jpg,5509
029690.jpg,6159
029692.jpg,1993
029696.jpg,1936
029700.jpg,15
029715.jpg,7143
029761.jpg,1936
029811.jpg,6725
029819.jpg,7881
029852.jpg,4164
029896.jpg,6241
029912.jpg,6359
029913.jpg,1805
029943.jpg,4028
029956.jpg,4824
029964.jpg,1757
030004.jpg,2221
030090.jpg,10149
030162.jpg,95
030171.jpg,9921
030180.jpg,3413
030197.jpg,4163
030306.jpg,3098
030315.jpg,1339
030372.jpg,8723
030405.jpg,10159
030422.jpg,600
030488.jpg,3280
030503.jpg,2296
030518.jpg,2562
030543.jpg,6403
030570.jpg,3413
030575.jpg,4863
030583.jpg,353
030590.jpg,9794
030604.jpg,3270
030726.jpg,8562
030741.jpg,8968
030770.jpg,1245
030797.jpg,7120
030805.jpg,4987
030809.jpg,3929
030831.jpg,2550
030834.jpg,991
030841.jpg,8648
030852.jpg,8910
030936.jpg,2643
030938.jpg,3745
030970.jpg,5042
031060.jpg,3929
031102.jpg,2253
031103.jpg,10149
031157.jpg,2114
031158.jpg,6452
031159.jpg,6412
031175.jpg,6452
031195.jpg,6371
031223.jpg,220
031236.jpg,2083
031260.jpg,2296
031270.jpg,4891
031285.jpg,567
031324.jpg,6568
031325.jpg,4946
031339.jpg,8648
031342.jpg,4891
031435.jpg,1660
031439.jpg,8810
031444.jpg,2070
031455.jpg,9119
031473.jpg,991
031539.jpg,15
031573.jpg,4987
031587.jpg,1275
031597.jpg,7519
031647.jpg,5921
031685.jpg,6452
031712.jpg,6568
031795.jpg,8708
031798.jpg,3719
031859.jpg,8904
031876.jpg,4262
031891.jpg,4197
031911.jpg,8968
031983.jpg,8909
032002.jpg,8549
032014.jpg,10083
032019.jpg,8818
032054.jpg,5313
032070.jpg,2070
032088.jpg,9119
032094.jpg,4035
032142.jpg,5449
032163.jpg,991
032179.jpg,5732
032183.jpg,4987
032195.jpg,4828
032201.jpg,1805
032227.jpg,1936
032243.jpg,1245
032279.jpg,9090
032312.jpg,9902
032316.jpg,2483
032349.jpg,5391
032356.jpg,6672
032390.jpg,4946
032460.jpg,9315
032485.jpg,871
032499.jpg,95
032506.jpg,5029
032617.jpg,1761
032620.jpg,8676
032633.jpg,5264
032656.jpg,8796
032684.jpg,4946
032772.jpg,6065
032795.jpg,4163
032880.jpg,5732
032941.jpg,4262
032992.jpg,6725
033039.jpg,7070
033076.jpg,8448
033162.jpg,4863
033179.jpg,1646
033184.jpg,8779
033194.jpg,5029
033307.jpg,2301
033333.jpg,2562
033335.jpg,4946
033358.jpg,7131
033366.jpg,6371
033392.jpg,6645
033412.jpg,5635
033427.jpg,95
033483.jpg,5050
033502.jpg,2573
033513.jpg,7418
033535.jpg,2253
033586.jpg,2870
033595.jpg,8656
033639.jpg,1700
033719.jpg,987
033757.jpg,4035
033788.jpg,2562
033793.jpg,5180
033912.jpg,8676
033978.jpg,1339
034000.jpg,4849
034026.jpg,6100
034038.jpg,5416
034042.jpg,6143
034078.jpg,2416
034084.jpg,6100
034090.jpg,4164
034094.jpg,15
034110.jpg,2643
034143.jpg,2870
034144.jpg,1275
034158.jpg,9315
034178.jpg,6359
034198.jpg,8904
034203.jpg,4326
034204.jpg,1951
034205.jpg,4262
034215.jpg,4849
034216.jpg,4887
034233.jpg,9693
034240.jpg,9646
034269.jpg,8704
034291.jpg,363
034303.jpg,4293
034342.jpg,9693
034349.jpg,7131
034377.jpg,2820
034464.jpg,8648
034473.jpg,8549
034547.jpg,4549
034574.jpg,1993
034611.jpg,8549
034613.jpg,6359
034647.jpg,4255
034681.jpg,3962
034692.jpg,5494
034728.jpg,6298
034740.jpg,2643
034749.jpg,4197
034764.jpg,3167
034769.jpg,2820
034778.jpg,363
034797.jpg,987
034892.jpg,8676
034903.jpg,4197
035004.jpg,5180
035028.jpg,220
035144.jpg,4816
035147.jpg,4720
035187.jpg,8779
035200.jpg,6159
035214.jpg,8560
035225.jpg,5449
035256.jpg,3895
035287.jpg,4987
035291.jpg,4582
035302.jpg,6354
035318.jpg,1761
035335.jpg,4102
035336.jpg,7768
035358.jpg,1700
035373.jpg,8412
035445.jpg,7145
035469.jpg,4102
035523.jpg,3719
035563.jpg,6241
035572.jpg,5391
035647.jpg,2114
035670.jpg,3989
035757.jpg,9693
035839.jpg,8723
035864.jpg,363
035914.jpg,1951
035929.jpg,6354
035930.jpg,3413
035976.jpg,9156
036004.jpg,5508
036050.jpg,8910
036052.jpg,8910
036061.jpg,1264
036077.jpg,6159
036099.jpg,2160
036107.jpg,2643
036162.jpg,4035
036180.jpg,4953
036197.jpg,1784
036219.jpg,447
036236.jpg,1805
036321.jpg,5416
036336.jpg,2870
036370.jpg,4293
036378.jpg,4163
036418.jpg,6672
036429.jpg,4539
036456.jpg,5635
036476.jpg,4824
036485.jpg,2114
036487.jpg,9921
036497.jpg,8562
036549.jpg,3413
036560.jpg,7768
036604.jpg,6452
036619.jpg,8807
036622.jpg,5180
036638.jpg,8742
036655.jpg,2516
036658.jpg,4539
036686.jpg,2870
036710.jpg,4028
036744.jpg,4824
036759.jpg,9693
036793.jpg,15
036824.jpg,6100
036835.jpg,2870
036852.jpg,220
036859.jpg,6672
036926.jpg,4582
036953.jpg,3383
036962.jpg,4028
037000.jpg,7418
037007.jpg,9152
037018.jpg,4824
037029.jpg,9026
037106.jpg,4102
037145.jpg,2061
037264.jpg,8412
037267.jpg,1245
037273.jpg,4326
037288.jpg,8723
037294.jpg,8521
037318.jpg,6524
037331.jpg,5313
037333.jpg,6672
037347.jpg,5042
037373.jpg,5635
037428.jpg,3745
037432.jpg,5494
037433.jpg,5264
037470.jpg,2070
037472.jpg,8708
037510.jpg,3719
037521.jpg,5264
037534.jpg,6412
037547.jpg,4828
037650.jpg,4946
037664.jpg,9152
037840.jpg,8818
037890.jpg,7768
037894.jpg,1297
037925.jpg,2301
037939.jpg,4197
037947.jpg,1757
037954.jpg,5416
037965.jpg,8549
037977.jpg,2083
038051.jpg,10083
038079.jpg,10083
038082.jpg,8412
038119.jpg,3270
038129.jpg,1339
038158.jpg,3962
038162.jpg,4849
038204.jpg,7418
038274.jpg,3648
038279.jpg,7070
038299.jpg,2516
038312.jpg,8656
038328.jpg,2114
038372.jpg,284
038373.jpg,2335
038403.jpg,7145
038438.jpg,3383
038457.jpg,6188
038484.jpg,447
038489.jpg,4293
038509.jpg,5125
038529.jpg,3098
038537.jpg,2301
038572.jpg,4126
038582.jpg,3989
038668.jpg,1951
038749.jpg,8656
038760.jpg,9646
038771.jpg,3929
038863.jpg,7519
038882.jpg,4953
038885.jpg,9156
038900.jpg,4293
038955.jpg,2114
038982.jpg,2416
038991.jpg,9315
039030.jpg,8909
039037.jpg,4863
039042.jpg,1770
039131.jpg,3383
039178.jpg,2483
039183.jpg,8878
039188.jpg,7131
039195.jpg,2516
039210.jpg,6188
039228.jpg,8810
039243.jpg,3962
039259.jpg,9693
039265.jpg,6241
039286.jpg,4054
039310.jpg,8521
039382.jpg,4891
039385.jpg,9840
039393.jpg,2880
039408.jpg,8779
039447.jpg,4262
039448.jpg,447
039488.jpg,10149
039490.jpg,9152
039491.jpg,6241
039504.jpg,8448
039522.jpg,2296
039526.jpg,2083
039585.jpg,2870
039593.jpg,1301
039622.jpg,1033
039638.jpg,1757
039658.jpg,5635
039672.jpg,6241
039730.jpg,5418
039731.jpg,9065
039747.jpg,8810
039908.jpg,8807
039950.jpg,8742
039959.jpg,1761
039978.jpg,8521
040003.jpg,1288
040009.jpg,4028
040021.jpg,8562
040037.jpg,1301
040047.jpg,3413
040052.jpg,1784
040083.jpg,1700
040125.jpg,5125
040131.jpg,6241
040153.jpg,9921
040180.jpg,6502
040183.jpg,8910
040205.jpg,4720
040210.jpg,7786
040251.jpg,4782
040256.jpg,2253
040258.jpg,1951
040273.jpg,4987
040383.jpg,9840
040415.jpg,2603
040490.jpg,6159
040499.jpg,1660
040535.jpg,6298
040542.jpg,600
040556.jpg,5375
040567.jpg,353
040569.jpg,15
040607.jpg,9315
040645.jpg,4164
040676.jpg,6412
040735.jpg,4863
040739.jpg,2065
040747.jpg,8549
040757.jpg,8909
040781.jpg,987
040806.jpg,7154
040898.jpg,6672
040900.jpg,9090
040904.jpg,4262
040948.jpg,4539
040982.jpg,4987
040991.jpg,6188
041011.jpg,4816
041034.jpg,1646
041054.jpg,5509
041083.jpg,284
041084.jpg,4887
041129.jpg,4126
041180.jpg,95
041279.jpg,8708
041298.jpg,991
041322.jpg,5028
041346.jpg,3167
041349.jpg,2870
041444.jpg,4816
041466.jpg,4987
041481.jpg,5028
041486.jpg,6648
041492.jpg,5635
041503.jpg,7768
041513.jpg,66
041541.jpg,7418
041553.jpg,3383
041580.jpg,5921
041635.jpg,4987
041654.jpg,5375
041715.jpg,9090
041730.jpg,3270
041768.jpg,2516
041775.jpg,8742
041811.jpg,7143
041824.jpg,8676
041873.jpg,5204
041913.jpg,8704
041943.jpg,6672
041950.jpg,1660
041962.jpg,6354
041976.jpg,7768
042032.jpg,3929
042048.jpg,15
042084.jpg,1339
042153.jpg,9915
042161.jpg,5416
042171.jpg,6452
042187.jpg,4794
042247.jpg,6502
042255.jpg,7143
042304.jpg,8448
042305.jpg,1805
042308.jpg,8648
042370.jpg,8448
042394.jpg,4549
042428.jpg,6412
042489.jpg,5508
042529.jpg,2870
042532.jpg,7131
042585.jpg,10083
042677.jpg,8723
042691.jpg,2221
042821.jpg,2416
042850.jpg,1700
042867.jpg,6100
042903.jpg,5050
042915.jpg,2114
042930.jpg,5125
042993.jpg,6645
043012.jpg,6188
043025.jpg,447
043032.jpg,4816
043038.jpg,8878
043065.jpg,8742
043113.jpg,4326
043121.jpg,4849
043152.jpg,6672
043166.jpg,6354
043167.jpg,6648
043177.jpg,5509
043203.jpg,8723
043263.jpg,8807
043298.jpg,5204
043331.jpg,2070
043333.jpg,8807
043341.jpg,6403
043354.jpg,8742
043365.jpg,5418
043391.jpg,7070
043395.jpg,3648
043416.jpg,8796
043476.jpg,8904
043488.jpg,8562
043490.jpg,10083
043550.jpg,2550
043598.jpg,5029
043599.jpg,8878
043641.jpg,9794
043744.jpg,3989
043745.jpg,9119
043749.jpg,8704
043752.jpg,3270
043778.jpg,1646
043790.jpg,7120
043811.jpg,6452
043830.jpg,2516
043855.jpg,9090
043899.jpg,8909
043910.jpg,3699
043932.jpg,1301
043934.jpg,3895
043937.jpg,5921
043941.jpg,2820
043950.jpg,363
043965.jpg,1288
043972.jpg,2870
043977.jpg,2253
043984.jpg,6354
044017.jpg,4863
044021.jpg,5509
044036.jpg,2416
044044.jpg,4887
044095.jpg,8648
044116.jpg,8810
044150.jpg,9065
044181.jpg,1297
044241.jpg,4102
044243.jpg,2550
044262.jpg,2160
044271.jpg,4028
044280.jpg,3895
044340.jpg,1264
044366.jpg,5125
044368.jpg,1770
044397.jpg,4824
044465.jpg,2253
044480.jpg,5921
044521.jpg,95
044528.jpg,6524
044537.jpg,5732
044547.jpg,2335
044555.jpg,5204
044578.jpg,600
044607.jpg,363
044679.jpg,991
044716.jpg,8708
044739.jpg,9065
044754.jpg,7881
044777.jpg,2516
044799.jpg,6065
044804.jpg,1339
044836.jpg,5494
044891.jpg,6672
044898.jpg,7418
044908.jpg,8448
044930.jpg,4549
044953.jpg,3280
044976.jpg,4326
044981.jpg,1757
044996.jpg,6359
045045.jpg,6452
045051.jpg,2083
045057.jpg,6725
045118.jpg,8909
045135.jpg,1033
045156.jpg,10083
045168.jpg,4884
045196.jpg,5028
045218.jpg,2550
045276.jpg,4163
045335.jpg,4102
045344.jpg,2820
045465.jpg,2114
045495.jpg,10149
045506.jpg,1761
045543.jpg,1264
045550.jpg,1187
045597.jpg,8818
045600.jpg,7070
045608.jpg,5638
045621.jpg,4816
045635.jpg,8656
045656.jpg,5509
045763.jpg,7881
045790.jpg,9065
045792.jpg,8796
045841.jpg,1033
045845.jpg,1993
045878.jpg,5418
045930.jpg,5635
045955.jpg,66
045997.jpg,3699
046000.jpg,1275
046050.jpg,991
046068.jpg,5180
046109.jpg,9152
046164.jpg,5896
046190.jpg,4549
046271.jpg,8549
046298.jpg,9794
046317.jpg,5262
046356.jpg,9156
046377.jpg,5264
046463.jpg,5509
046544.jpg,4035
046568.jpg,9065
046572.jpg,2221
046574.jpg,8656
046711.jpg,5264
046805.jpg,3962
046822.jpg,1245
046834.jpg,7756
046849.jpg,6159
046866.jpg,3895
046869.jpg,3989
046903.jpg,2160
046935.jpg,2516
046962.jpg,4816
047027.jpg,4782
047041.jpg,6298
047066.jpg,2065
047073.jpg,4035
047114.jpg,3989
047172.jpg,7120
047173.jpg,1660
047183.jpg,8910
047200.jpg,6354
047210.jpg,7154
047243.jpg,4824
047277.jpg,8810
047321.jpg,5391
047390.jpg,10083
047410.jpg,1339
047430.jpg,9119
047448.jpg,7519
047452.jpg,2160
047467.jpg,1297
047469.jpg,447
047503.jpg,1288
047537.jpg,10083
047538.jpg,5896
047585.jpg,2296
047591.jpg,7519
047596.jpg,4887
047598.jpg,8560
047600.jpg,991
047622.jpg,4102
047633.jpg,6100
047645.jpg,9090
047661.jpg,6403
047664.jpg,9794
047716.jpg,7756
047727.jpg,2065
047744.jpg,4794
047930.jpg,4028
047961.jpg,2643
047972.jpg,6672
047977.jpg,6672
047978.jpg,2880
047986.jpg,3929
047987.jpg,8968
048022.jpg,4849
048047.jpg,2562
048049.jpg,8521
048066.jpg,8560
048182.jpg,1993
048232.jpg,6065
048241.jpg,220
048262.jpg,4782
048271.jpg,9902
048323.jpg,4539
048343.jpg,5416
048383.jpg,95
048387.jpg,6502
048495.jpg,3280
048514.jpg,8656
048524.jpg,2160
048568.jpg,6188
048651.jpg,1951
048658.jpg,5050
048664.jpg,3383
048667.jpg,5313
048680.jpg,1936
048688.jpg,6502
048720.jpg,4794
048795.jpg,2296
048819.jpg,9902
048845.jpg,4102
048876.jpg,5313
048880.jpg,95
048897.jpg,2114
048929.jpg,4539
048933.jpg,5921
048962.jpg,4887
048968.jpg,2070
049008.jpg,6354
049026.jpg,7154
049028.jpg,8521
049062.jpg,8818
049069.jpg,1288
049072.jpg,8818
049074.jpg,4987
049085.jpg,4891
049113.jpg,1580
049142.jpg,2880
049145.jpg,4102
049192.jpg,7418
049200.jpg,6648
049218.jpg,8910
049231.jpg,9090
049233.jpg,7881
049243.jpg,5264
049263.jpg,8704
049286.jpg,6371
049317.jpg,6502
049367.jpg,4326
049386.jpg,9902
049424.jpg,8560
049429.jpg,2114
049447.jpg,4887
049471.jpg,1757
049473.jpg,5125
049492.jpg,2070
049519.jpg,9152
049529.jpg,3962
049554.jpg,6298
049559.jpg,7768
049671.jpg,7881
049686.jpg,447
049690.jpg,220
049693.jpg,8779
049731.jpg,3719
049761.jpg,7143
049784.jpg,4326
049843.jpg,4163
049847.jpg,3098
049853.jpg,4255
049854.jpg,1660
049859.jpg,8704
049953.jpg,5418
050012.jpg,9693
050035.jpg,1700
050067.jpg,5416
050077.jpg,9065
050088.jpg,4126
050113.jpg,8708
050131.jpg,5508
050140.jpg,5896
050150.jpg,6065
050151.jpg,5125
050173.jpg,1757
050184.jpg,10159
050223.jpg,4102
050253.jpg,10083
050291.jpg,66
050346.jpg,3270
050360.jpg,4863
050361.jpg,6648
050390.jpg,4953
050394.jpg,4539
050451.jpg,9646
050498.jpg,2160
050511.jpg,8648
050542.jpg,5028
050573.jpg,6298
050604.jpg,2296
050620.jpg,6354
050675.jpg,6568
050694.jpg,5180
050708.jpg,3745
050763.jpg,1187
050818.jpg,7120
050838.jpg,3989
050894.jpg,8968
050942.jpg,6100
050976.jpg,4863
050987.jpg,15
051043.jpg,8779
051048.jpg,1033
051063.jpg,8560
051103.jpg,3648
051181.jpg,2483
051205.jpg,10159
051213.jpg,2643
051231.jpg,6412
051234.jpg,3167
051286.jpg,5125
051303.jpg,2416
051327.jpg,7756
051345.jpg,600
051410.jpg,5896
051421.jpg,3745
051433.jpg,1761
051447.jpg,7881
051545.jpg,4102
051549.jpg,8810
051554.jpg,1660
051575.jpg,8968
051589.jpg,1275
051623.jpg,8909
051624.jpg,1936
051636.jpg,5125
051657.jpg,5391
051707.jpg,8562
051745.jpg,9156
051784.jpg,6412
051823.jpg,5732
051906.jpg,8560
051950.jpg,7881
051956.jpg,6371
051988.jpg,1936
051990.jpg,8412
051993.jpg,2061
052005.jpg,9646
052023.jpg,9646
052032.jpg,8904
052069.jpg,1761
052081.jpg,10159
052123.jpg,9152
052179.jpg,7145
052187.jpg,8549
052226.jpg,9840
052235.jpg,1700
052305.jpg,8742
052308.jpg,3989
052328.jpg,4794
052364.jpg,1646
052385.jpg,2880
052453.jpg,4028
052500.jpg,9646
052501.jpg,1660
052522.jpg,6371
052562.jpg,871
052604.jpg,8448
052621.jpg,8807
052623.jpg,2880
052631.jpg,2083
052661.jpg,5896
052673.jpg,7070
052712.jpg,2335
052727.jpg,600
052743.jpg,5449
052783.jpg,3270
052798.jpg,5921
052814.jpg,4794
052859.jpg,1700
052877.jpg,9646
052935.jpg,9840
052956.jpg,3098
052968.jpg,66
052970.jpg,5896
052976.jpg,8807
053002.jpg,5921
053025.jpg,7131
053039.jpg,2070
053050.jpg,3962
053055.jpg,5264
053180.jpg,353
053184.jpg,2880
053199.jpg,5180
053221.jpg,8968
053239.jpg,1757
053268.jpg,7881
053277.jpg,2643
053311.jpg,2880
053320.jpg,7418
053325.jpg,9065
053335.jpg,353
053364.jpg,1033
053416.jpg,1187
053511.jpg,2070
053606.jpg,7418
053617.jpg,2114
053625.jpg,1761
053685.jpg,1580
053707.jpg,1245
053736.jpg,66
053740.jpg,1757
053778.jpg,5732
053784.jpg,4671
053833.jpg,4549
053870.jpg,5180
053896.jpg,6648
053920.jpg,1580
053930.jpg,5638
053962.jpg,8723
053998.jpg,7145
054096.jpg,5509
054117.jpg,8549
054203.jpg,8412
054204.jpg,5313
054242.jpg,567
054253.jpg,1297
054272.jpg,4887
054312.jpg,3745
054333.jpg,1288
054338.jpg,2416
054342.jpg,8648
054344.jpg,3895
054345.jpg,7786
054387.jpg,6412
054405.jpg,4582
054463.jpg,8521
054467.jpg,5391
054477.jpg,3929
054501.jpg,4326
054503.jpg,8648
054554.jpg,3929
054563.jpg,567
054582.jpg,4549
054640.jpg,5029
054652.jpg,2065
054655.jpg,4054
054670.jpg,8818
054682.jpg,6100
054698.jpg,4549
054706.jpg,2603
054725.jpg,8708
054748.jpg,7418
054752.jpg,2416
054756.jpg,7145
054786.jpg,1580
054819.jpg,6568
054847.jpg,5418
054857.jpg,353
054863.jpg,1288
054875.jpg,4782
054881.jpg,871
054891.jpg,7418
054892.jpg,5029
054916.jpg,3699
054932.jpg,1700
054942.jpg,7881
054962.jpg,2114
054977.jpg,5028
055018.jpg,6159
055025.jpg,6298
055029.jpg,5418
055089.jpg,7120
055114.jpg,8656
055127.jpg,2065
055183.jpg,10083
055192.jpg,4164
055247.jpg,2603
055253.jpg,4126
055299.jpg,2083
055349.jpg,9646
055390.jpg,10083
055402.jpg,2562
055439.jpg,8807
055459.jpg,5050
055510.jpg,991
055526.jpg,4255
055530.jpg,1580
055584.jpg,1275
055625.jpg,5204
055690.jpg,8910
055748.jpg,1761
055760.jpg,2562
055784.jpg,15
055834.jpg,2880
055856.jpg,3989
055862.jpg,8448
055864.jpg,1784
055880.jpg,4102
055912.jpg,8878
055973.jpg,2221
055977.jpg,95
056039.jpg,1288
056047.jpg,8742
056096.jpg,6568
056108.jpg,9794
056115.jpg,9026
056128.jpg,2160
056173.jpg,4126
056174.jpg,987
056182.jpg,7143
056192.jpg,5896
056207.jpg,4824
056219.jpg,15
056264.jpg,9840
056274.jpg,1660
056282.jpg,2603
056295.jpg,1805
056320.jpg,4891
056327.jpg,5509
056329.jpg,4828
056379.jpg,9119
056382.jpg,4102
056393.jpg,2160
056425.jpg,1761
056449.jpg,66
056479.jpg,6672
056508.jpg,363
056513.jpg,1757
056544.jpg,3745
056561.jpg,6502
056575.jpg,5042
056577.jpg,1784
056588.jpg,1761
056650.jpg,8723
056720.jpg,8909
056727.jpg,4671
056734.jpg,9315
056737.jpg,7519
056744.jpg,220
056759.jpg,6725
056764.jpg,2820
056773.jpg,3648
056841.jpg,8656
056861.jpg,4197
056870.jpg,10159
056873.jpg,6568
056949.jpg,4054
056968.jpg,2603
057011.jpg,4887
057057.jpg,4028
057065.jpg,6143
057159.jpg,4671
057208.jpg,4163
057258.jpg,2253
057281.jpg,4849
057289.jpg,220
057345.jpg,8810
057374.jpg,9794
057401.jpg,5921
057418.jpg,1288
057465.jpg,9090
057520.jpg,6645
057548.jpg,66
057559.jpg,6359
057606.jpg,1297
057652.jpg,5635
057722.jpg,6645
057733.jpg,2562
057739.jpg,7786
057766.jpg,8779
057770.jpg,4849
057792.jpg,5375
057818.jpg,9794
057848.jpg,5494
057876.jpg,6188
057923.jpg,4054
057938.jpg,2335
057986.jpg,6241
057990.jpg,9026
058127.jpg,4782
058139.jpg,1275
058149.jpg,7768
058152.jpg,4863
058179.jpg,4884
058188.jpg,2880
058193.jpg,1757
058216.jpg,1339
058223.jpg,2643
058286.jpg,5449
058299.jpg,7143
058304.jpg,5042
058389.jpg,1646
058418.jpg,9156
058432.jpg,2483
058436.jpg,2416
058455.jpg,4828
058466.jpg,1660
058472.jpg,9915
058474.jpg,3648
058490.jpg,1770
058515.jpg,7154
058524.jpg,284
058542.jpg,5418
058568.jpg,3962
058593.jpg,3413
058632.jpg,1275
058771.jpg,5509
058806.jpg,5050
058864.jpg,8796
058871.jpg,363
058882.jpg,2070
058885.jpg,4824
058902.jpg,3745
058934.jpg,1580
058943.jpg,871
058945.jpg,2483
058991.jpg,5494
059001.jpg,8560
059011.jpg,9315
059035.jpg,1264
059044.jpg,5028
059057.jpg,5509
059065.jpg,8723
059083.jpg,5375
059086.jpg,5125
059100.jpg,5732
059117.jpg,3745
059132.jpg,3098
059172.jpg,1660
059194.jpg,10083
059233.jpg,1993
059485.jpg,6645
059519.jpg,4262
059521.jpg,6452
059529.jpg,7756
059538.jpg,6298
059556.jpg,6354
059561.jpg,5508
059598.jpg,8562
059650.jpg,1288
059654.jpg,7145
059693.jpg,10083
059729.jpg,3280
059730.jpg,3962
059739.jpg,1339
059751.jpg,8708
059782.jpg,4326
059787.jpg,1951
059802.jpg,7519
059810.jpg,3280
059839.jpg,5418
059863.jpg,5375
059874.jpg,2643
059935.jpg,9152
059969.jpg,8810
060063.jpg,1033
060076.jpg,5732
060081.jpg,4035
060090.jpg,5204
060100.jpg,5508
060141.jpg,2114
060175.jpg,2550
060200.jpg,7418
060226.jpg,8909
060242.jpg,5391
060247.jpg,3699
060263.jpg,4671
060265.jpg,7154
060277.jpg,9840
060280.jpg,1805
060320.jpg,9921
060355.jpg,4816
060372.jpg,3929
060381.jpg,9156
060404.jpg,7519
060453.jpg,2296
060474.jpg,1275
060479.jpg,8560
060480.jpg,7131
060483.jpg,8968
060545.jpg,6143
060622.jpg,1339
060653.jpg,4794
060704.jpg,1297
060712.jpg,353
060723.jpg,3962
060780.jpg,1993
060798.jpg,7881
060809.jpg,2065
060818.jpg,8708
060922.jpg,1936
060943.jpg,5204
060949.jpg,4293
060950.jpg,4671
060963.jpg,10159
060986.jpg,7154
061013.jpg,6725
061034.jpg,363
061070.jpg,8796
061097.jpg,5125
061150.jpg,3167
061159.jpg,6672
061167.jpg,9152
061173.jpg,1770
061177.jpg,8909
061257.jpg,6568
061293.jpg,1264
061306.jpg,4794
061332.jpg,2550
061363.jpg,4824
061367.jpg,4720
061394.jpg,5028
061400.jpg,7145
061404.jpg,1187
061428.jpg,2516
061431.jpg,2880
061494.jpg,15
061514.jpg,4828
061535.jpg,7070
061606.jpg,9921
061638.jpg,5180
061689.jpg,4255
061728.jpg,5028
061758.jpg,10159
061804.jpg,7131
061816.jpg,3270
061820.jpg,6159
061850.jpg,8909
061895.jpg,5508
061910.jpg,5180
061965.jpg,9921
062059.jpg,4293
062065.jpg,2820
062127.jpg,9915
062172.jpg,2483
062176.jpg,7131
062195.jpg,353
062301.jpg,6672
062335.jpg,5732
062343.jpg,9119
062403.jpg,4126
062416.jpg,7070
062433.jpg,10083
062492.jpg,284
062551.jpg,2253
062566.jpg,1700
062568.jpg,5391
062569.jpg,4987
062578.jpg,2335
062593.jpg,2160
062607.jpg,8968
062622.jpg,8742
062657.jpg,1264
062688.jpg,447
062701.jpg,1700
062738.jpg,600
062806.jpg,5313
062810.jpg,4782
062830.jpg,6100
062861.jpg,2253
062867.jpg,4102
062873.jpg,2296
062990.jpg,8656
062992.jpg,3098
063011.jpg,1660
063019.jpg,2221
063025.jpg,4164
063092.jpg,3167
063121.jpg,3699
063144.jpg,5635
063170.jpg,2083
063175.jpg,1580
063235.jpg,6524
063264.jpg,2603
063361.jpg,1951
063519.jpg,7786
063608.jpg,5264
063614.jpg,6403
063665.jpg,1761
063725.jpg,5635
063726.jpg,6298
063771.jpg,4720
063801.jpg,1761
063880.jpg,8656
063893.jpg,6065
063898.jpg,4720
063948.jpg,1660
063968.jpg,3270
063977.jpg,9090
063979.jpg,5509
063999.jpg,3929
064023.jpg,8909
064036.jpg,3962
064047.jpg,8560
064051.jpg,2335
064054.jpg,6159
064067.jpg,2253
064105.jpg,4946
064114.jpg,9902
064192.jpg,1245
064233.jpg,8807
064242.jpg,9794
064254.jpg,871
064286.jpg,4849
064345.jpg,6371
064346.jpg,5508
064394.jpg,9840
064395.jpg,1770
064533.jpg,3989
064592.jpg,284
064610.jpg,991
064612.jpg,6524
064626.jpg,2573
064643.jpg,8648
064657.jpg,4549
064698.jpg,4054
064741.jpg,6502
064809.jpg,5416
064810.jpg,9693
064864.jpg,8412
064871.jpg,8412
064873.jpg,5313
064894.jpg,4262
064962.jpg,6298
065003.jpg,6100
065092.jpg,6452
065093.jpg,363
065167.jpg,6648
065170.jpg,2562
065178.jpg,2516
065185.jpg,8904
065189.jpg,7756
065217.jpg,2061
065227.jpg,3270
065236.jpg,5204
065338.jpg,8708
065356.jpg,8676
065408.jpg,5896
065435.jpg,1805
065467.jpg,9156
065485.jpg,5180
065487.jpg,4891
065515.jpg,987
065524.jpg,6298
065541.jpg,4164
065581.jpg,1757
065644.jpg,7756
065646.jpg,2573
065713.jpg,4255
065745.jpg,6188
065767.jpg,4816
065774.jpg,8549
065810.jpg,5494
065843.jpg,284
065880.jpg,5418
065929.jpg,7154
065971.jpg,5416
066056.jpg,6648
066070.jpg,5416
066086.jpg,4782
066118.jpg,5264
066150.jpg,1264
066158.jpg,2114
066175.jpg,8521
066202.jpg,9315
066236.jpg,9315
066238.jpg,447
066284.jpg,5180
066289.jpg,8807
066295.jpg,9915
066311.jpg,3699
066321.jpg,8704
066381.jpg,4293
066412.jpg,9090
066434.jpg,5418
066460.jpg,5638
066549.jpg,4582
066558.jpg,2603
066574.jpg,2070
066576.jpg,4849
066589.jpg,8521
066591.jpg,363
066598.jpg,5509
066624.jpg,4891
066626.jpg,8807
066631.jpg,8448
066635.jpg,2550
066676.jpg,4539
066679.jpg,1660
066707.jpg,6371
066719.jpg,6354
066775.jpg,600
066799.jpg,2221
066812.jpg,6725
066815.jpg,5921
066860.jpg,2301
066874.jpg,3719
066884.jpg,3383
066905.jpg,5391
066915.jpg,5042
066919.jpg,284
066950.jpg,8656
067013.jpg,1646
067049.jpg,5204
067084.jpg,3989
067106.jpg,2516
067111.jpg,284
067154.jpg,9840
067200.jpg,3699
067224.jpg,220
067245.jpg,4794
067287.jpg,6672
067291.jpg,5125
067335.jpg,6371
067356.jpg,4539
067391.jpg,3989
067394.jpg,8796
067420.jpg,1951
067445.jpg,2820
067484.jpg,6143
067556.jpg,6298
067575.jpg,2573
067581.jpg,3098
067590.jpg,447
067595.jpg,8412
067652.jpg,5508
067672.jpg,95
067674.jpg,2335
067679.jpg,8562
067745.jpg,6524
067752.jpg,8818
067766.jpg,2643
067804.jpg,4197
067875.jpg,4293
067902.jpg,8676
068019.jpg,5732
068025.jpg,6672
068033.jpg,220
068103.jpg,4102
068136.jpg,8521
068143.jpg,8723
068149.jpg,8708
068154.jpg,2880
068157.jpg,4293
068192.jpg,2335
068227.jpg,4293
068231.jpg,3895
068270.jpg,4163
068290.jpg,1288
068328.jpg,2296
068343.jpg,8807
068347.jpg,8562
068366.jpg,2301
068367.jpg,6100
068368.jpg,8909
068480.jpg,6403
068496.jpg,3413
068524.jpg,5416
068578.jpg,3270
068623.jpg,3929
068624.jpg,5921
068660.jpg,7145
068665.jpg,8968
068673.jpg,1187
068684.jpg,8742
068707.jpg,4828
068716.jpg,4828
068722.jpg,3962
068729.jpg,1580
068741.jpg,3745
068781.jpg,5416
068808.jpg,991
068830.jpg,5449
068831.jpg,1700
068910.jpg,3383
068939.jpg,7145
068982.jpg,1770
068984.jpg,8656
069001.jpg,95
069069.jpg,5264
069087.jpg,6725
069109.jpg,4028
069172.jpg,2416
069183.jpg,9065
069219.jpg,3270
069260.jpg,6524
069264.jpg,8723
069273.jpg,8910
069287.jpg,9902
069299.jpg,4816
069302.jpg,4293
069319.jpg,8676
069335.jpg,4549
069368.jpg,8807
069400.jpg,1761
069431.jpg,1580
069572.jpg,8562
069639.jpg,2483
069647.jpg,9119
069674.jpg,5028
069724.jpg,4028
069739.jpg,1580
069766.jpg,5050
069774.jpg,1033
069819.jpg,6403
069834.jpg,4054
069863.jpg,5494
069875.jpg,2160
069952.jpg,9315
069978.jpg,1784
070017.jpg,8656
070034.jpg,4884
070060.jpg,4163
070079.jpg,5416
070116.jpg,2160
070121.jpg,8723
070126.jpg,9315
070157.jpg,5180
070194.jpg,4549
070205.jpg,6143
070213.jpg,8656
070249.jpg,4326
070250.jpg,1951
070256.jpg,9026
070258.jpg,4293
070281.jpg,4891
070288.jpg,600
070300.jpg,8910
070340.jpg,6672
070375.jpg,10083
070394.jpg,2416
070416.jpg,2562
070433.jpg,7070
070441.jpg,8704
070442.jpg,8549
070460.jpg,4816
070490.jpg,5042
070576.jpg,5262
070588.jpg,3383
070616.jpg,9646
070628.jpg,2483
070646.jpg,9026
070647.jpg,2550
070669.jpg,2573
070694.jpg,6298
070698.jpg,6452
070702.jpg,4326
070708.jpg,4035
070754.jpg,7070
070766.jpg,5391
070779.jpg,6241
070817.jpg,6502
070974.jpg,10149
070991.jpg,5180
070997.jpg,2483
071039.jpg,5638
071057.jpg,6100
071216.jpg,4884
071218.jpg,1770
071226.jpg,10159
071239.jpg,2160
071277.jpg,6568
071282.jpg,2065
071316.jpg,2516
071330.jpg,8779
071374.jpg,4828
071409.jpg,9026
071418.jpg,8909
071557.jpg,4582
071561.jpg,7131
071581.jpg,1700
071585.jpg,5416
071636.jpg,5028
071700.jpg,8723
071710.jpg,6645
071714.jpg,7120
071751.jpg,1301
071772.jpg,7070
071786.jpg,1757
071790.jpg,1339
071826.jpg,7786
071843.jpg,8723
071846.jpg,3280
071867.jpg,4782
071880.jpg,3413
071882.jpg,8448
071913.jpg,6100
071940.jpg,2221
071947.jpg,5494
071961.jpg,5449
071973.jpg,4163
071985.jpg,6298
072004.jpg,7418
072093.jpg,8904
072143.jpg,6354
072202.jpg,6645
072208.jpg,3719
072233.jpg,5125
072269.jpg,1264
072288.jpg,8676
072292.jpg,3648
072339.jpg,4720
072349.jpg,7131
072350.jpg,600
072351.jpg,220
072360.jpg,6648
072364.jpg,7768
072395.jpg,6241
072397.jpg,5375
072432.jpg,8708
072433.jpg,8448
072458.jpg,8521
072487.jpg,2483
072548.jpg,5042
072579.jpg,9915
072609.jpg,6412
072614.jpg,447
072626.jpg,5896
072645.jpg,1288
072649.jpg,9026
072704.jpg,4794
072765.jpg,8878
072766.jpg,5262
072774.jpg,4326
072776.jpg,9090
072790.jpg,2221
072797.jpg,7786
072801.jpg,5262
072846.jpg,1264
072854.jpg,2114
072856.jpg,5204
072908.jpg,5732
072955.jpg,2870
073019.jpg,2603
073024.jpg,4891
073027.jpg,9921
073053.jpg,4126
073092.jpg,5638
073104.jpg,1245
073106.jpg,5635
073142.jpg,8968
073169.jpg,5028
073267.jpg,5313
073284.jpg,5638
073332.jpg,871
073362.jpg,9119
073399.jpg,5732
073520.jpg,9315
073600.jpg,5635
073614.jpg,8796
073617.jpg,9921
073651.jpg,1288
073683.jpg,4671
073716.jpg,5180
073755.jpg,6672
073775.jpg,10159
073823.jpg,1580
073866.jpg,4549
073881.jpg,447
073882.jpg,2083
073902.jpg,4539
073908.jpg,4891
073926.jpg,4164
073941.jpg,284
074000.jpg,220
074055.jpg,4887
074086.jpg,5375
074122.jpg,7154
074166.jpg,5029
074185.jpg,9315
074188.jpg,1275
074220.jpg,9693
074230.jpg,9026
074239.jpg,7768
074284.jpg,6241
074322.jpg,5262
074324.jpg,2070
074362.jpg,3962
074382.jpg,6359
074400.jpg,8742
074403.jpg,3719
074415.jpg,1187
074453.jpg,6403
074481.jpg,6354
074482.jpg,2550
074570.jpg,987
074592.jpg,5638
074612.jpg,6188
074619.jpg,6143
074634.jpg,8412
074644.jpg,8648
074648.jpg,10149
074656.jpg,3895
074685.jpg,9026
074753.jpg,4035
074760.jpg,8910
074792.jpg,6524
074793.jpg,4163
074797.jpg,5180
074802.jpg,5313
074811.jpg,9152
074871.jpg,8656
074940.jpg,7070
074958.jpg,66
074960.jpg,9315
074962.jpg,1770
074970.jpg,2253
075010.jpg,1580
075059.jpg,4987
075110.jpg,4720
075157.jpg,5125
075169.jpg,4054
075176.jpg,2221
075209.jpg,1646
075295.jpg,1646
075329.jpg,6524
075424.jpg,9119
075439.jpg,4946
075474.jpg,6143
075489.jpg,9915
075508.jpg,2562
075530.jpg,5921
075538.jpg,7143
075550.jpg,1339
075590.jpg,2820
075618.jpg,5050
075625.jpg,15
075633.jpg,2160
075663.jpg,7070
075686.jpg,10159
075695.jpg,2562
075725.jpg,3895
075741.jpg,7120
075776.jpg,4720
075829.jpg,15
075858.jpg,5896
075859.jpg,8708
075863.jpg,5264
075928.jpg,10149
075947.jpg,4102
075994.jpg,8648
076001.jpg,7756
076008.jpg,1646
076058.jpg,10159
076059.jpg,6403
076080.jpg,3719
076120.jpg,6371
076164.jpg,5418
076174.jpg,1580
076243.jpg,4293
076264.jpg,6648
076265.jpg,871
076277.jpg,5391
076286.jpg,9902
076354.jpg,4884
076368.jpg,3413
076409.jpg,2114
076455.jpg,8796
076457.jpg,8810
076465.jpg,1288
076525.jpg,8521
076599.jpg,8779
076619.jpg,2335
076686.jpg,9026
076753.jpg,6502
076816.jpg,8779
076825.jpg,8521
076868.jpg,8796
076929.jpg,5732
076936.jpg,7154
077024.jpg,8910
077029.jpg,5449
077036.jpg,2221
077039.jpg,8909
077040.jpg,2296
077051.jpg,4887
077115.jpg,5418
077124.jpg,8562
077138.jpg,5896
077158.jpg,2221
077175.jpg,9152
077188.jpg,6502
077198.jpg,6403
077200.jpg,4946
077219.jpg,4549
077240.jpg,7786
077259.jpg,9156
077260.jpg,9921
077279.jpg,4828
077339.jpg,8412
077340.jpg,4891
077398.jpg,3895
077475.jpg,7145
077509.jpg,5262
077520.jpg,8818
077614.jpg,9794
077620.jpg,8648
077672.jpg,2296
077716.jpg,363
077721.jpg,6354
077741.jpg,4035
077789.jpg,1245
077797.jpg,8412
077814.jpg,6298
077823.jpg,5635
077833.jpg,3699
077847.jpg,2573
077876.jpg,8412
077880.jpg,3413
077930.jpg,4102
077942.jpg,8704
077976.jpg,4164
077977.jpg,3745
077987.jpg,3648
078048.jpg,8742
078059.jpg,9026
078112.jpg,6524
078123.jpg,4824
078128.jpg,2335
078131.jpg,5262
078146.jpg,8779
078165.jpg,9026
078193.jpg,1993
078229.jpg,2573
078263.jpg,2603
078273.jpg,6298
078297.jpg,5050
078322.jpg,1297
078327.jpg,4782
078342.jpg,1936
078353.jpg,1275
078356.jpg,6143
078357.jpg,2253
078367.jpg,353
078440.jpg,4849
078443.jpg,7756
078476.jpg,8904
078489.jpg,4197
078490.jpg,2065
078555.jpg,5204
078587.jpg,2070
078591.jpg,8549
078613.jpg,2083
078626.jpg,600
078677.jpg,2070
078690.jpg,2061
078709.jpg,2870
078757.jpg,10083
078776.jpg,9152
078819.jpg,5732
078828.jpg,4293
078835.jpg,4539
078880.jpg,2065
078908.jpg,1033
078911.jpg,1993
078918.jpg,4794
078957.jpg,4794
078995.jpg,1288
079004.jpg,6354
079018.jpg,7786
079024.jpg,6648
079030.jpg,4720
079042.jpg,9119
079043.jpg,3962
079069.jpg,3270
079070.jpg,8818
079099.jpg,4326
079119.jpg,3413
079147.jpg,1784
079156.jpg,66
079177.jpg,8742
079180.jpg,6065
079183.jpg,5125
079273.jpg,4816
079282.jpg,6412
079331.jpg,2301
079337.jpg,8968
079423.jpg,4884
079444.jpg,7768
079458.jpg,3280
079527.jpg,5449
079561.jpg,4197
079629.jpg,4884
079642.jpg,3895
079678.jpg,284
079687.jpg,2160
079704.jpg,7143
079770.jpg,1951
079773.jpg,5029
079797.jpg,2253
079804.jpg,9152
079812.jpg,9840
079842.jpg,4987
079912.jpg,447
079974.jpg,6188
079981.jpg,5508
080023.jpg,4164
080024.jpg,7145
080099.jpg,1301
080141.jpg,353
080179.jpg,10149
080181.jpg,4549
080247.jpg,8810
080281.jpg,6452
080287.jpg,2562
080304.jpg,8521
080347.jpg,991
080371.jpg,9119
080385.jpg,6452
080463.jpg,1033
080522.jpg,1761
080531.jpg,3280
080561.jpg,8904
080569.jpg,9646
080581.jpg,7143
080591.jpg,447
080616.jpg,1936
080630.jpg,4326
080638.jpg,3699
080689.jpg,6241
080694.jpg,4720
080695.jpg,8742
080744.jpg,8909
080779.jpg,5494
080804.jpg,8412
080806.jpg,5180
080815.jpg,10159
080839.jpg,1761
080905.jpg,1033
080911.jpg,5375
080968.jpg,5391
080973.jpg,7070
081017.jpg,5509
081020.jpg,4054
081043.jpg,6412
081050.jpg,871
081064.jpg,871
081088.jpg,4539
081118.jpg,4163
081126.jpg,2070
081131.jpg,6672
081138.jpg,15
081141.jpg,2160
081144.jpg,4054
081161.jpg,2335
081163.jpg,8521
081191.jpg,6359
081214.jpg,447
081242.jpg,2160
081269.jpg,8723
081333.jpg,7418
081343.jpg,5029
081346.jpg,6452
081362.jpg,4582
081381.jpg,8723
081419.jpg,9152
081425.jpg,3167
081480.jpg,4953
081552.jpg,4828
081558.jpg,2820
081577.jpg,8904
081583.jpg,4987
081584.jpg,8560
081607.jpg,3383
081626.jpg,4953
081627.jpg,3989
081653.jpg,2573
081658.jpg,5494
081694.jpg,5449
081737.jpg,4884
081788.jpg,8723
081811.jpg,5204
081852.jpg,5180
081895.jpg,9119
081930.jpg,8796
081963.jpg,6568
081986.jpg,1805
081987.jpg,5896
081994.jpg,10149
081996.jpg,8909
082015.jpg,5125
082024.jpg,5042
082044.jpg,3895
082050.jpg,4720
082057.jpg,1805
082061.jpg,2573
082094.jpg,4782
082112.jpg,9794
082127.jpg,2114
082161.jpg,6354
082197.jpg,5449
082242.jpg,6241
082261.jpg,8708
082265.jpg,2301
082292.jpg,6143
082304.jpg,6188
082512.jpg,1757
082519.jpg,6100
082528.jpg,8968
082538.jpg,4255
082552.jpg,9090
082567.jpg,2061
082575.jpg,3648
082628.jpg,5029
082647.jpg,9915
082651.jpg,1297
082686.jpg,7143
082735.jpg,4953
082776.jpg,4255
082784.jpg,4054
082807.jpg,1580
082810.jpg,600
082837.jpg,95
082848.jpg,284
082854.jpg,4028
082890.jpg,8648
082912.jpg,7881
082975.jpg,220
082994.jpg,4054
083005.jpg,2416
083011.jpg,4863
083048.jpg,7786
083055.jpg,2253
083061.jpg,5375
083100.jpg,8878
083106.jpg,10083
083123.jpg,6648
083180.jpg,1936
083215.jpg,4816
083216.jpg,3167
083253.jpg,6524
083288.jpg,95
083302.jpg,4824
083303.jpg,7756
083314.jpg,8796
083344.jpg,4946
083395.jpg,991
083403.jpg,4828
083424.jpg,567
083489.jpg,4824
083581.jpg,1288
083594.jpg,8910
083605.jpg,7768
083629.jpg,5635
083683.jpg,9152
083690.jpg,4164
083698.jpg,6524
083721.jpg,5042
083821.jpg,3719
083836.jpg,4549
083853.jpg,6241
083881.jpg,9902
083901.jpg,4720
083902.jpg,1288
084190.jpg,3745
084211.jpg,2870
084255.jpg,4891
084267.jpg,15
084333.jpg,1646
084345.jpg,5449
084367.jpg,353
084384.jpg,6298
084425.jpg,5375
084439.jpg,4794
084449.jpg,9065
084541.jpg,5264
084656.jpg,7143
084664.jpg,6065
084705.jpg,2880
084736.jpg,871
084776.jpg,1339
084800.jpg,4863
084836.jpg,7756
084842.jpg,8909
084856.jpg,4163
084863.jpg,4720
084873.jpg,5509
084900.jpg,9646
084908.jpg,2603
084916.jpg,5391
084928.jpg,5449
084987.jpg,66
085043.jpg,2253
085063.jpg,8521
085080.jpg,2820
085125.jpg,1033
085126.jpg,3098
085215.jpg,5391
085239.jpg,5042
085261.jpg,6188
085271.jpg,5029
085278.jpg,220
085304.jpg,6568
085306.jpg,10149
085354.jpg,2221
085366.jpg,5638
085393.jpg,5896
085429.jpg,9794
085458.jpg,9794
085459.jpg,8448
085499.jpg,600
085538.jpg,4582
085584.jpg,10149
085599.jpg,1187
085606.jpg,10149
085630.jpg,4035
085642.jpg,3895
085706.jpg,7145
085715.jpg,9902
085736.jpg,9915
085789.jpg,4671
085807.jpg,4035
085840.jpg,5375
085845.jpg,5050
085859.jpg,6568
085863.jpg,5204
085921.jpg,2296
085933.jpg,3270
085936.jpg,447
085947.jpg,2573
085965.jpg,9840
086004.jpg,2061
086022.jpg,4816
086035.jpg,1770
086044.jpg,8909
086099.jpg,6412
086102.jpg,9693
086121.jpg,1580
086123.jpg,6159
086126.jpg,4255
086145.jpg,8968
086207.jpg,4582
086264.jpg,8909
086267.jpg,95
086290.jpg,3648
086366.jpg,4539
086409.jpg,5638
086424.jpg,5896
086486.jpg,1033
086491.jpg,95
086497.jpg,9921
086527.jpg,5508
086555.jpg,5449
086660.jpg,4816
086674.jpg,5028
086744.jpg,2065
086780.jpg,4262
086793.jpg,3383
086816.jpg,2550
086822.jpg,8448
086900.jpg,4262
086911.jpg,4326
086917.jpg,4293
086932.jpg,4828
086944.jpg,1757
086957.jpg,9902
087005.jpg,1245
087027.jpg,7120
087032.jpg,8704
087074.jpg,5635
087111.jpg,10083
087119.jpg,2573
087214.jpg,5921
087245.jpg,6645
087271.jpg,9026
087288.jpg,8796
087356.jpg,9693
087366.jpg,6403
087378.jpg,4326
087399.jpg,1951
087430.jpg,1936
087439.jpg,5416
087446.jpg,1936
087463.jpg,5732
087483.jpg,4987
087507.jpg,3167
087609.jpg,9902
087631.jpg,2335
087698.jpg,4582
087700.jpg,353
087776.jpg,2603
087777.jpg,2483
087808.jpg,284
087813.jpg,2820
087832.jpg,5262
087839.jpg,3383
087870.jpg,2416
087914.jpg,7120
087948.jpg,9921
087963.jpg,4824
087981.jpg,5313
087992.jpg,8648
088033.jpg,1936
088042.jpg,6065
088067.jpg,2573
088086.jpg,1784
088118.jpg,9152
088140.jpg,8723
088141.jpg,363
088152.jpg,1993
088155.jpg,987
088168.jpg,7143
088184.jpg,8562
088204.jpg,2065
088217.jpg,987
088223.jpg,5732
088238.jpg,4028
088276.jpg,6502
088278.jpg,5042
088290.jpg,9693
088293.jpg,5262
088315.jpg,9915
088372.jpg,363
088451.jpg,2061
088470.jpg,1187
088484.jpg,4293
088514.jpg,5921
088517.jpg,5264
088527.jpg,9026
088552.jpg,7131
088556.jpg,2301
088570.jpg,6241
088621.jpg,4102
088699.jpg,4582
088756.jpg,4582
088764.jpg,6568
088778.jpg,7143
088813.jpg,1187
088865.jpg,4126
088872.jpg,1264
088895.jpg,2061
088935.jpg,9921
088940.jpg,6354
088954.jpg,3413
088956.jpg,3745
089004.jpg,6241
089019.jpg,4293
089020.jpg,2416
089023.jpg,8796
089045.jpg,7756
089060.jpg,6354
089069.jpg,9915
089131.jpg,6100
089144.jpg,8656
089155.jpg,3962
089192.jpg,4884
089201.jpg,987
089212.jpg,1951
089215.jpg,4671
089224.jpg,987
089249.jpg,4035
089284.jpg,4126
089301.jpg,6065
089352.jpg,3929
089422.jpg,2643
089433.jpg,1301
089472.jpg,3098
089479.jpg,1580
089496.jpg,10149
089511.jpg,1757
089637.jpg,7145
089683.jpg,6159
089691.jpg,4054
089693.jpg,7768
089703.jpg,8704
089705.jpg,7143
089709.jpg,6452
089718.jpg,9152
089756.jpg,4582
089762.jpg,6645
089767.jpg,3280
089805.jpg,2643
089825.jpg,2065
089936.jpg,1339
089967.jpg,1339
089968.jpg,4028
089991.jpg,1757
089997.jpg,5509
090010.jpg,4549
090014.jpg,6241
090016.jpg,4549
090035.jpg,5313
090112.jpg,1784
090113.jpg,9026
090120.jpg,600
090140.jpg,1646
090168.jpg,871
090175.jpg,7756
090196.jpg,8562
090203.jpg,363
090208.jpg,2573
090215.jpg,9921
090244.jpg,2483
090269.jpg,8448
090285.jpg,4794
090290.jpg,9646
090319.jpg,600
090343.jpg,7768
090361.jpg,8796
090492.jpg,6403
090522.jpg,4293
090579.jpg,3270
090608.jpg,1770
090616.jpg,9794
090628.jpg,7145
090682.jpg,4197
090709.jpg,1187
090738.jpg,1646
090865.jpg,600
090873.jpg,353
090879.jpg,5638
090897.jpg,7070
090910.jpg,220
090924.jpg,2483
090931.jpg,5418
090932.jpg,1288
090937.jpg,2880
090943.jpg,2573
090963.jpg,10149
090965.jpg,7768
090991.jpg,447
091001.jpg,8708
091043.jpg,6648
091070.jpg,2296
091096.jpg,2416
091112.jpg,2296
091116.jpg,3699
091147.jpg,4164
091226.jpg,1339
091249.jpg,6568
091254.jpg,1033
091255.jpg,600
091273.jpg,10149
091342.jpg,8810
091531.jpg,353
091572.jpg,1245
091584.jpg,8656
091622.jpg,4549
091651.jpg,8810
091655.jpg,1580
091661.jpg,6524
091665.jpg,447
091749.jpg,8676
091785.jpg,8562
091832.jpg,7154
091868.jpg,1761
091903.jpg,9156
091941.jpg,1245
091962.jpg,9156
091967.jpg,2483
092020.jpg,1301
092083.jpg,5042
092132.jpg,6359
092135.jpg,8742
092144.jpg,1187
092186.jpg,2160
092230.jpg,2253
092236.jpg,3719
092293.jpg,8648
092299.jpg,4671
092304.jpg,10159
092362.jpg,15
092406.jpg,4863
092410.jpg,5264
092452.jpg,15
092454.jpg,9090
092474.jpg,3383
092615.jpg,1033
092637.jpg,5042
092648.jpg,7120
092688.jpg,2335
092839.jpg,5508
092890.jpg,3699
092908.jpg,6188
092954.jpg,4946
093017.jpg,1951
093056.jpg,2083
093080.jpg,1993
093113.jpg,2516
093140.jpg,1784
093176.jpg,4262
093177.jpg,9152
093212.jpg,5508
093213.jpg,5050
093214.jpg,8878
093230.jpg,8448
093282.jpg,6371
093324.jpg,4828
093341.jpg,9090
093383.jpg,5028
093388.jpg,1805
093408.jpg,5204
093414.jpg,5732
093425.jpg,4028
093502.jpg,284
093520.jpg,2870
093542.jpg,8562
093612.jpg,4326
093624.jpg,4582
093673.jpg,9902
093689.jpg,600
093693.jpg,7143
093711.jpg,3280
093724.jpg,95
093741.jpg,10159
093758.jpg,220
093773.jpg,3962
093780.jpg,7143
093822.jpg,6502
093823.jpg,4054
093826.jpg,2301
093876.jpg,5029
093883.jpg,8521
093903.jpg,2643
093924.jpg,8818
093955.jpg,6502
093970.jpg,5921
094002.jpg,567
094073.jpg,9156
094080.jpg,4720
094098.jpg,9693
094127.jpg,3648
094157.jpg,7756
094209.jpg,1660
094261.jpg,1301
094290.jpg,3413
094304.jpg,1936
094305.jpg,1993
094331.jpg,353
094358.jpg,4816
094386.jpg,6100
094395.jpg,3167
094402.jpg,6403
094414.jpg,447
094436.jpg,6725
094442.jpg,1936
094513.jpg,2083
094535.jpg,7154
094579.jpg,3719
094614.jpg,5416
094661.jpg,3280
094679.jpg,4849
094681.jpg,7881
094729.jpg,7145
094741.jpg,600
094802.jpg,284
094820.jpg,6524
094839.jpg,871
094949.jpg,2550
094965.jpg,2160
095119.jpg,6065
095170.jpg,8676
095175.jpg,1805
095204.jpg,7418
095243.jpg,1784
095288.jpg,6502
095368.jpg,5028
095370.jpg,8742
095408.jpg,5418
095431.jpg,5042
095462.jpg,1033
095497.jpg,600
095538.jpg,1770
095565.jpg,9152
095592.jpg,4946
095598.jpg,8796
095618.jpg,2516
095670.jpg,4262
095707.jpg,2550
095796.jpg,7145
095813.jpg,2070
095893.jpg,4953
095897.jpg,4102
095902.jpg,9065
095937.jpg,1288
095952.jpg,6241
095966.jpg,7786
096060.jpg,3699
096085.jpg,7070
096178.jpg,4326
096184.jpg,1288
096209.jpg,1757
096219.jpg,5921
096223.jpg,8968
096224.jpg,9646
096257.jpg,4539
096277.jpg,15
096279.jpg,5050
096324.jpg,2880
096395.jpg,8562
096431.jpg,1288
096556.jpg,6241
096567.jpg,5418
096581.jpg,5028
096607.jpg,6568
096622.jpg,5896
096650.jpg,5050
096666.jpg,2870
096670.jpg,9156
096693.jpg,10149
096699.jpg,9693
096750.jpg,8796
096767.jpg,8549
096770.jpg,2083
096811.jpg,4863
096832.jpg,4794
096864.jpg,9646
096870.jpg,3413
096890.jpg,5494
096977.jpg,7070
097069.jpg,7145
097099.jpg,6065
097101.jpg,5125
097115.jpg,284
097136.jpg,1339
097173.jpg,4794
097176.jpg,1770
097177.jpg,8742
097215.jpg,1993
097225.jpg,2603
097258.jpg,8904
097260.jpg,5262
097262.jpg,6188
097311.jpg,5391
097327.jpg,95
097331.jpg,3699
097348.jpg,1784
097370.jpg,447
097384.jpg,2065
097426.jpg,220
097465.jpg,2160
097468.jpg,2820
097504.jpg,4549
097536.jpg,1580
097562.jpg,10159
097583.jpg,6188
097690.jpg,8549
097693.jpg,3167
097719.jpg,2416
097750.jpg,8676
097805.jpg,6359
097812.jpg,2603
097892.jpg,2335
097896.jpg,6648
097942.jpg,6159
097963.jpg,363
097979.jpg,7881
097989.jpg,8704
097995.jpg,4197
098040.jpg,2550
098050.jpg,8412
098174.jpg,4891
098185.jpg,6159
098207.jpg,10159
098252.jpg,6524
098264.jpg,1580
098283.jpg,1297
098316.jpg,5638
098344.jpg,6371
098367.jpg,3270
098373.jpg,1187
098427.jpg,2573
098453.jpg,8521
098472.jpg,2065
098482.jpg,9065
098530.jpg,6371
098627.jpg,2550
098629.jpg,2562
098630.jpg,1187
098702.jpg,8910
098713.jpg,7143
098750.jpg,600
098751.jpg,8909
098770.jpg,7519
098826.jpg,8562
098827.jpg,1993
098828.jpg,5204
098868.jpg,4035
098895.jpg,5416
098897.jpg,95
098899.jpg,5028
098910.jpg,2870
098920.jpg,363
098953.jpg,2870
098977.jpg,6725
099060.jpg,1700
099078.jpg,6648
099090.jpg,1264
099093.jpg,2070
099107.jpg,4262
099122.jpg,2550
099147.jpg,3989
099149.jpg,353
099161.jpg,567
099166.jpg,2335
099202.jpg,1700
099206.jpg,3719
099229.jpg,8904
099260.jpg,7131
099270.jpg,8807
099277.jpg,4794
099283.jpg,5418
099295.jpg,991
099309.jpg,6524
099368.jpg,2335
099376.jpg,4164
099438.jpg,9026
099451.jpg,4582
099469.jpg,5028
099494.jpg,8648
099496.jpg,1245
099515.jpg,9152
099520.jpg,5262
099559.jpg,2253
099570.jpg,6241
099571.jpg,2083
099605.jpg,6371
099612.jpg,7070
099617.jpg,4953
099623.jpg,4671
099634.jpg,5416
099667.jpg,5508
099706.jpg,4884
099760.jpg,7519
099807.jpg,2083
099890.jpg,2083
099905.jpg,2065
099940.jpg,2643
099975.jpg,1275
100004.jpg,7768
100034.jpg,8910
100062.jpg,353
100112.jpg,3895
100155.jpg,4255
100160.jpg,7070
100162.jpg,7756
100178.jpg,5509
100267.jpg,9026
100291.jpg,5494
100321.jpg,567
100329.jpg,3895
100353.jpg,7145
100389.jpg,3280
100581.jpg,5732
100589.jpg,3745
100603.jpg,8968
100618.jpg,8708
100619.jpg,3719
100623.jpg,6648
100624.jpg,1993
100625.jpg,1761
100629.jpg,3929
100689.jpg,871
100727.jpg,8560
100796.jpg,2562
100860.jpg,7120
100874.jpg,8549
100879.jpg,4163
100901.jpg,8560
100916.jpg,6412
100937.jpg,7120
100938.jpg,8968
100949.jpg,5508
100990.jpg,2880
101009.jpg,7120
101043.jpg,5391
101087.jpg,8560
101101.jpg,4102
101148.jpg,567
101153.jpg,3098
101163.jpg,6403
101166.jpg,2483
101179.jpg,8656
101181.jpg,1660
101189.jpg,7881
101200.jpg,7881
101204.jpg,3719
101343.jpg,6648
101354.jpg,5732
101396.jpg,7768
101399.jpg,5262
101416.jpg,1951
101482.jpg,7756
101517.jpg,5180
101549.jpg,4828
101580.jpg,447
101589.jpg,2550
101605.jpg,1646
101606.jpg,3167
101625.jpg,284
101634.jpg,284
101673.jpg,5921
101680.jpg,4946
101690.jpg,3383
101780.jpg,3648
101784.jpg,6403
101822.jpg,8807
101841.jpg,9921
101849.jpg,4163
101891.jpg,4164
101919.jpg,10083
101922.jpg,2870
102044.jpg,5391
102058.jpg,8412
102089.jpg,1700
102113.jpg,2061
102178.jpg,2083
102195.jpg,5896
102234.jpg,2643
102277.jpg,9119
102304.jpg,4126
102344.jpg,1297
102359.jpg,2296
102362.jpg,3383
102368.jpg,2070
102377.jpg,5042
102401.jpg,353
102405.jpg,5180
102408.jpg,3383
102447.jpg,4987
102457.jpg,5391
102475.jpg,2550
102497.jpg,3719
102504.jpg,9794
102514.jpg,8676
102515.jpg,8560
102547.jpg,8742
102550.jpg,1245
102561.jpg,1646
102584.jpg,7768
102590.jpg,4255
102592.jpg,9065
102643.jpg,5262
102770.jpg,4884
102813.jpg,1784
102824.jpg,3929
102851.jpg,5204
102866.jpg,4164
102908.jpg,9090
102913.jpg,1187
102934.jpg,4884
102949.jpg,5125
103030.jpg,2483
103114.jpg,7768
103143.jpg,6452
103166.jpg,5449
103171.jpg,8723
103187.jpg,7145
103199.jpg,8818
103220.jpg,9065
103221.jpg,6648
103235.jpg,6672
103243.jpg,8878
103252.jpg,5494
103260.jpg,6645
103383.jpg,7143
103384.jpg,6354
103388.jpg,2550
103400.jpg,1339
103438.jpg,5313
103459.jpg,4849
103477.jpg,353
103503.jpg,9902
103519.jpg,9794
103536.jpg,991
103540.jpg,4255
103542.jpg,8910
103552.jpg,5391
103557.jpg,2870
103595.jpg,2416
103628.jpg,9915
103652.jpg,5418
103671.jpg,9065
103688.jpg,9065
103702.jpg,567
103711.jpg,2870
103728.jpg,2880
103815.jpg,7131
103914.jpg,4671
103953.jpg,9693
103982.jpg,1339
103988.jpg,8560
104064.jpg,220
104095.jpg,8910
104126.jpg,2061
104139.jpg,4953
104152.jpg,5264
104196.jpg,3745
104205.jpg,4164
104230.jpg,3280
104278.jpg,4255
104289.jpg,1301
104320.jpg,1288
104367.jpg,7120
104460.jpg,8448
104464.jpg,5029
104525.jpg,2562
104560.jpg,4849
104582.jpg,5042
104591.jpg,7881
104599.jpg,3270
104641.jpg,10159
104668.jpg,7768
104674.jpg,1770
104683.jpg,6065
104751.jpg,2114
104754.jpg,6568
104761.jpg,7519
104801.jpg,6065
104911.jpg,2335
104925.jpg,4863
104935.jpg,3648
104981.jpg,4828
104987.jpg,4293
105022.jpg,4671
105057.jpg,2114
105089.jpg,1301
105091.jpg,8968
105093.jpg,2061
105098.jpg,6645
105126.jpg,5494
105171.jpg,4549
105184.jpg,9693
105253.jpg,10159
105344.jpg,3699
105356.jpg,2061
105362.jpg,1805
105402.jpg,6502
105408.jpg,5180
105420.jpg,6403
105431.jpg,2253
105442.jpg,7881
105467.jpg,4849
105505.jpg,9840
105568.jpg,7131
105588.jpg,5313
105669.jpg,1761
105689.jpg,8549
105703.jpg,3098
105731.jpg,2114
105752.jpg,4293
105812.jpg,10159
105836.jpg,6568
105867.jpg,8878
105883.jpg,4824
105890.jpg,7154
105924.jpg,6502
105930.jpg,7120
105999.jpg,8648
106012.jpg,8676
106081.jpg,8708
106096.jpg,2483
106183.jpg,4816
106192.jpg,1993
106204.jpg,8549
106209.jpg,8810
106223.jpg,1580
106239.jpg,8704
106254.jpg,6359
106307.jpg,2870
106434.jpg,4549
106438.jpg,9156
106528.jpg,6725
106529.jpg,8676
106568.jpg,220
106578.jpg,6403
106590.jpg,6065
106689.jpg,6452
106723.jpg,8560
106724.jpg,2562
106766.jpg,8562
106783.jpg,1187
106875.jpg,5391
106931.jpg,5508
106934.jpg,8521
106951.jpg,567
106955.jpg,6524
106991.jpg,6100
107028.jpg,987
107029.jpg,1033
107032.jpg,5313
107041.jpg,7154
107045.jpg,5042
107047.jpg,6065
107051.jpg,6188
107123.jpg,363
107199.jpg,5264
107209.jpg,2301
107232.jpg,7418
107246.jpg,1288
107259.jpg,5896
107295.jpg,3167
107297.jpg,7120
107315.jpg,2550
107322.jpg,2416
107341.jpg,7143
107363.jpg,2516
107442.jpg,2643
107464.jpg,4164
107468.jpg,4946
107545.jpg,6159
107569.jpg,1784
107602.jpg,8779
107622.jpg,9156
107623.jpg,3719
107624.jpg,5638
107629.jpg,991
107766.jpg,5494
107805.jpg,5204
107821.jpg,1339
107907.jpg,8810
107912.jpg,6452
107980.jpg,5262
107983.jpg,9026
108000.jpg,4326
108028.jpg,9902
108029.jpg,10083
108040.jpg,4549
108052.jpg,4884
108066.jpg,6524
108097.jpg,7070
108108.jpg,1770
108131.jpg,1275
108180.jpg,5921
108212.jpg,4102
108213.jpg,1700
108260.jpg,6359
108338.jpg,3745
108341.jpg,2880
108353.jpg,4539
108374.jpg,2253
108417.jpg,5029
108447.jpg,5416
108450.jpg,4326
108484.jpg,7768
108517.jpg,6412
108518.jpg,6412
108531.jpg,1275
108534.jpg,3962
108541.jpg,6100
108575.jpg,5180
108624.jpg,353
108773.jpg,2160
108782.jpg,1339
108816.jpg,5509
108839.jpg,2221
108866.jpg,6371
108890.jpg,5896
108893.jpg,2296
108917.jpg,8560
108936.jpg,5418
108938.jpg,2070
108967.jpg,2483
108997.jpg,4326
109034.jpg,3648
109043.jpg,9065
109056.jpg,4293
109067.jpg,7786
109097.jpg,6359
109098.jpg,8909
109143.jpg,7070
109171.jpg,9921
109184.jpg,2416
109201.jpg,3699
109232.jpg,8448
109291.jpg,3989
109307.jpg,6403
109329.jpg,4849
109347.jpg,2550
109368.jpg,8412
109377.jpg,4987
109381.jpg,4863
109401.jpg,4164
109431.jpg,1580
109540.jpg,8448
109562.jpg,8779
109613.jpg,2296
109639.jpg,3895
109641.jpg,6359
109743.jpg,1805
109812.jpg,6143
109850.jpg,5449
109859.jpg,5638
109924.jpg,1805
109925.jpg,9315
109934.jpg,4891
109989.jpg,3895
110075.jpg,5375
110089.jpg,220
110129.jpg,5494
110235.jpg,1700
110244.jpg,7786
110290.jpg,6403
110303.jpg,4582
110323.jpg,8412
110327.jpg,1805
110336.jpg,2603
110350.jpg,2065
110356.jpg,3929
110374.jpg,4863
110376.jpg,2880
110382.jpg,3745
110386.jpg,6452
110389.jpg,2065
110396.jpg,5204
110407.jpg,4953
110458.jpg,5204
110461.jpg,95
110488.jpg,1187
110528.jpg,9921
110578.jpg,1275
110579.jpg,4887
110639.jpg,8910
110662.jpg,871
110687.jpg,5050
110689.jpg,2643
110699.jpg,8810
110767.jpg,9119
110768.jpg,2253
110778.jpg,9840
110792.jpg,1288
110796.jpg,2065
110848.jpg,4549
110857.jpg,2065
110890.jpg,363
110919.jpg,2061
111081.jpg,2065
111087.jpg,1187
111102.jpg,95
111148.jpg,9065
111197.jpg,8448
111226.jpg,2416
111231.jpg,3719
111234.jpg,9921
111294.jpg,6143
111329.jpg,5494
111418.jpg,4262
111427.jpg,7519
111428.jpg,66
111454.jpg,7120
111479.jpg,1301
111486.jpg,8807
111550.jpg,3383
111551.jpg,9840
111581.jpg,1700
111631.jpg,2253
111634.jpg,6645
111644.jpg,3895
111651.jpg,7154
111657.jpg,1580
111685.jpg,5262
111719.jpg,3699
111722.jpg,6298
111770.jpg,4163
111866.jpg,6354
111888.jpg,8779
111904.jpg,15
111909.jpg,2301
111918.jpg,3413
111957.jpg,5204
111977.jpg,4549
112071.jpg,3989
112082.jpg,8909
112086.jpg,9315
112122.jpg,9915
112132.jpg,5029
112205.jpg,8878
112208.jpg,4582
112264.jpg,3962
112295.jpg,7519
112328.jpg,6648
112387.jpg,1264
112405.jpg,2870
112505.jpg,5042
112515.jpg,9152
112574.jpg,4782
112575.jpg,2301
112609.jpg,5391
112613.jpg,2335
112614.jpg,1297
112617.jpg,10159
112618.jpg,7756
112627.jpg,2221
112632.jpg,7131
112764.jpg,5204
112803.jpg,4884
112817.jpg,6298
112858.jpg,8412
112866.jpg,9840
112876.jpg,4953
112891.jpg,5416
112912.jpg,2573
112958.jpg,6371
112971.jpg,4671
112976.jpg,3167
112998.jpg,3745
113003.jpg,4126
113125.jpg,1297
113135.jpg,1033
113169.jpg,4887
113202.jpg,9152
113220.jpg,4671
113235.jpg,7070
113301.jpg,6298
113424.jpg,6502
113487.jpg,7145
113506.jpg,8521
113537.jpg,8807
113570.jpg,5921
113575.jpg,5494
113580.jpg,284
113600.jpg,3280
113620.jpg,8742
113644.jpg,6100
113664.jpg,9921
113672.jpg,5732
113682.jpg,6100
113683.jpg,6298
113764.jpg,6100
113788.jpg,6371
113873.jpg,6298
113875.jpg,8521
113889.jpg,567
113890.jpg,5509
113898.jpg,5896
113933.jpg,8878
113941.jpg,5638
113979.jpg,4720
114000.jpg,1297
114047.jpg,1936
114048.jpg,3989
114083.jpg,8549
114096.jpg,8656
114102.jpg,8704
114146.jpg,8412
114148.jpg,2820
114158.jpg,3098
114181.jpg,7768
114190.jpg,4582
114242.jpg,1339
114278.jpg,2335
114281.jpg,4824
114330.jpg,2416
114348.jpg,2603
114366.jpg,9119
114392.jpg,3895
114407.jpg,7143
114431.jpg,2070
114456.jpg,4255
114492.jpg,7768
114573.jpg,8968
114613.jpg,4028
114635.jpg,9646
114663.jpg,4794
114681.jpg,10083
114704.jpg,9090
114717.jpg,1660
114752.jpg,1805
114786.jpg,7120
114849.jpg,9902
114865.jpg,1770
114870.jpg,447
114892.jpg,4849
114901.jpg,9026
114922.jpg,2061
114955.jpg,4720
115007.jpg,2061
115048.jpg,4946
115054.jpg,5635
115055.jpg,4782
115068.jpg,4953
115072.jpg,8562
115090.jpg,3098
115095.jpg,3745
115203.jpg,6065
115226.jpg,5028
115235.jpg,8807
115262.jpg,2820
115332.jpg,567
115333.jpg,5029
115337.jpg,5449
115341.jpg,3270
115410.jpg,3270
115431.jpg,5508
115437.jpg,4197
115500.jpg,5262
115505.jpg,5635
115535.jpg,4262
115554.jpg,8779
115591.jpg,8656
115717.jpg,4891
115719.jpg,2573
115757.jpg,2061
115777.jpg,2643
115819.jpg,7154
115860.jpg,5494
115897.jpg,2083
115899.jpg,4035
115914.jpg,5635
115940.jpg,7070
115949.jpg,3719
116029.jpg,6645
116057.jpg,1770
116076.jpg,9152
116077.jpg,6371
116131.jpg,10149
116140.jpg,1700
116199.jpg,4884
116269.jpg,3098
116276.jpg,3167
116278.jpg,7418
116292.jpg,1757
116304.jpg,8909
116311.jpg,6672
116313.jpg,9315
116342.jpg,6725
116346.jpg,1264
116364.jpg,5509
116421.jpg,4582
116428.jpg,2820
116444.jpg,2301
116456.jpg,9156
116496.jpg,2335
116509.jpg,1301
116514.jpg,2061
116524.jpg,5375
116588.jpg,4262
116593.jpg,2516
116594.jpg,8904
116601.jpg,2296
116669.jpg,7786
116693.jpg,6403
116706.jpg,1993
116750.jpg,4782
116792.jpg,8818
116822.jpg,1264
116823.jpg,6412
116885.jpg,7519
116901.jpg,6568
116928.jpg,6143
116946.jpg,8708
116974.jpg,8968
117036.jpg,6159
117077.jpg,9646
117102.jpg,6648
117111.jpg,6502
117169.jpg,1264
117170.jpg,1275
117183.jpg,5042
117232.jpg,2516
117276.jpg,5732
117295.jpg,9156
117321.jpg,5262
117339.jpg,6143
117492.jpg,8549
117525.jpg,1288
117537.jpg,2221
117568.jpg,9915
117581.jpg,6159
117582.jpg,4828
117591.jpg,1660
117606.jpg,1770
117613.jpg,4126
117627.jpg,9090
117642.jpg,4946
117676.jpg,7070
117696.jpg,9693
117697.jpg,9065
117747.jpg,4028
117775.jpg,5732
117823.jpg,987
117851.jpg,5494
117893.jpg,5635
117902.jpg,5029
117941.jpg,5416
117956.jpg,4946
118018.jpg,3648
118027.jpg,66
118093.jpg,5204
118112.jpg,1700
118178.jpg,8448
118179.jpg,7154
118211.jpg,2301
118213.jpg,7756
118219.jpg,1805
118254.jpg,871
118369.jpg,2253
118373.jpg,8648
118376.jpg,2483
118382.jpg,447
118395.jpg,9921
118401.jpg,7418
118411.jpg,6568
118428.jpg,6359
118450.jpg,1770
118453.jpg,4326
118498.jpg,15
118521.jpg,871
118586.jpg,9693
118589.jpg,3648
118603.jpg,3098
118609.jpg,3648
118621.jpg,2550
118632.jpg,1993
118643.jpg,6502
118703.jpg,7120
118747.jpg,7120
118758.jpg,5262
118763.jpg,5391
118781.jpg,2114
118819.jpg,2516
118882.jpg,2603
118888.jpg,4884
118922.jpg,4863
118944.jpg,8723
118953.jpg,4163
118954.jpg,4863
119011.jpg,363
119017.jpg,600
119044.jpg,5416
119113.jpg,4720
119129.jpg,5508
119154.jpg,8648
119163.jpg,5732
119172.jpg,5204
119181.jpg,7881
119200.jpg,4987
119266.jpg,15
119282.jpg,1805
119295.jpg,1580
119296.jpg,6188
119303.jpg,4539
119306.jpg,4891
119359.jpg,4782
119360.jpg,6188
119362.jpg,991
119382.jpg,2301
119428.jpg,1301
119503.jpg,1264
119530.jpg,5262
119569.jpg,8656
119572.jpg,8704
119579.jpg,1761
119582.jpg,4671
119651.jpg,6725
119715.jpg,1297
119721.jpg,567
119722.jpg,7786
119745.jpg,1951
119762.jpg,6065
119791.jpg,4035
119803.jpg,5313
119808.jpg,5125
119823.jpg,9921
119833.jpg,991
119852.jpg,9315
119867.jpg,4891
119932.jpg,10083
119970.jpg,987
119974.jpg,5375
119999.jpg,4946
120050.jpg,8904
120073.jpg,9794
120095.jpg,7519
120107.jpg,600
120108.jpg,4102
120163.jpg,363
120164.jpg,2065
120183.jpg,4255
120281.jpg,6143
120315.jpg,8779
120332.jpg,1297
120441.jpg,2562
120456.jpg,1301
120490.jpg,6100
120552.jpg,4782
120566.jpg,8968
120571.jpg,3929
120595.jpg,6159
120624.jpg,2160
120630.jpg,7120
120640.jpg,4197
120642.jpg,8648
120654.jpg,1033
120680.jpg,95
120722.jpg,5635
120740.jpg,6725
120827.jpg,2301
120886.jpg,5896
120905.jpg,6359
120919.jpg,6159
120938.jpg,6371
121156.jpg,4953
121226.jpg,6725
121252.jpg,8560
121256.jpg,9693
121257.jpg,7418
121283.jpg,4794
121316.jpg,2483
121350.jpg,6241
121368.jpg,9902
121374.jpg,2065
121380.jpg,5375
121424.jpg,3962
121434.jpg,3895
121439.jpg,2562
121453.jpg,7519
121462.jpg,3167
121491.jpg,987
121529.jpg,5180
121558.jpg,1275
121569.jpg,6568
121580.jpg,5313
121599.jpg,6452
121614.jpg,2070
121641.jpg,6502
121686.jpg,6725
121708.jpg,2483
121746.jpg,2114
121755.jpg,7519
121814.jpg,9915
121845.jpg,9065
121851.jpg,8742
121875.jpg,4126
121886.jpg,6568
121981.jpg,567
122006.jpg,4197
122016.jpg,3745
122046.jpg,363
122047.jpg,4987
122059.jpg,6241
122067.jpg,3270
122087.jpg,2643
122101.jpg,6412
122147.jpg,9065
122162.jpg,8878
122181.jpg,6359
122223.jpg,1187
122227.jpg,1245
122262.jpg,220
122263.jpg,1951
122278.jpg,4035
122345.jpg,4824
122384.jpg,4946
122411.jpg,5494
122422.jpg,2335
122439.jpg,2880
122452.jpg,4326
122541.jpg,8796
122554.jpg,5262
122565.jpg,5180
122624.jpg,8878
122631.jpg,5732
122656.jpg,10083
122660.jpg,9646
122674.jpg,8708
122690.jpg,8818
122708.jpg,10149
122764.jpg,4816
122788.jpg,8549
122795.jpg,1245
122864.jpg,4884
122916.jpg,6241
122919.jpg,1936
122939.jpg,6371
122984.jpg,9315
123056.jpg,6359
123062.jpg,4293
123063.jpg,8904
123084.jpg,2301
123126.jpg,2643
123135.jpg,5180
123140.jpg,8676
123263.jpg,3098
123271.jpg,6452
123299.jpg,1761
123323.jpg,5264
123343.jpg,2562
123362.jpg,4794
123414.jpg,6403
123423.jpg,2253
123446.jpg,3167
123454.jpg,7120
123568.jpg,8807
123607.jpg,5042
123613.jpg,6568
123670.jpg,6502
123687.jpg,8742
123693.jpg,5264
123743.jpg,8878
123757.jpg,2070
123762.jpg,1580
123829.jpg,3962
123840.jpg,4102
123849.jpg,6298
123864.jpg,4987
123866.jpg,5635
123931.jpg,5509
123955.jpg,6524
123973.jpg,8448
124035.jpg,5180
124046.jpg,3098
124049.jpg,7756
124081.jpg,7070
124088.jpg,4816
124095.jpg,6648
124125.jpg,7131
124136.jpg,8779
124144.jpg,6371
124152.jpg,2416
124159.jpg,10159
124257.jpg,3989
124263.jpg,3167
124268.jpg,6452
124276.jpg,6568
124292.jpg,4946
124295.jpg,1245
124304.jpg,9152
124336.jpg,6725
124344.jpg,4953
124370.jpg,5494
124375.jpg,1646
124389.jpg,1770
124390.jpg,6648
124397.jpg,7786
124403.jpg,4197
124424.jpg,8549
124428.jpg,7131
124498.jpg,8648
124511.jpg,4987
124537.jpg,8810
124571.jpg,2603
124575.jpg,4946
124624.jpg,7131
124625.jpg,871
124632.jpg,9840
124660.jpg,4102
124764.jpg,871
124769.jpg,363
124872.jpg,7070
124894.jpg,7519
124957.jpg,6568
124959.jpg,6645
125011.jpg,5375
125064.jpg,6354
125088.jpg,6672
125138.jpg,9065
125164.jpg,447
125174.jpg,8708
125179.jpg,5204
125216.jpg,3383
125229.jpg,2416
125240.jpg,1033
125246.jpg,5391
125266.jpg,95
125269.jpg,1646
125295.jpg,6100
125336.jpg,3962
125369.jpg,8779
125425.jpg,4102
125430.jpg,3167
125479.jpg,5418
125483.jpg,15
125502.jpg,66
125504.jpg,3167
125511.jpg,4953
125541.jpg,4828
125542.jpg,2870
125568.jpg,987
125574.jpg,1301
125612.jpg,4126
125631.jpg,3989
125706.jpg,1339
125720.jpg,3699
125736.jpg,6672
125742.jpg,2221
125752.jpg,4582
125791.jpg,1275
125797.jpg,1187
125859.jpg,8656
125868.jpg,6065
125872.jpg,8521
125879.jpg,5375
125893.jpg,2070
125908.jpg,4197
125971.jpg,9794
126019.jpg,6502
126074.jpg,8562
126097.jpg,5494
126118.jpg,5262
126127.jpg,3989
126154.jpg,6412
126236.jpg,2083
126238.jpg,8742
126277.jpg,4262
126296.jpg,4946
126344.jpg,6502
126348.jpg,8904
126358.jpg,6143
126438.jpg,7881
126478.jpg,5418
126484.jpg,1339
126499.jpg,2221
126528.jpg,4891
126534.jpg,4326
126540.jpg,1264
126556.jpg,6241
126568.jpg,4262
126595.jpg,4255
126692.jpg,6524
126694.jpg,8562
126695.jpg,6241
126748.jpg,987
126801.jpg,5449
126803.jpg,4946
126817.jpg,3383
126820.jpg,4539
126832.jpg,353
126846.jpg,353
126875.jpg,6065
126898.jpg,4164
126911.jpg,1301
126937.jpg,8521
126940.jpg,3383
126978.jpg,5635
127009.jpg,8521
127048.jpg,7154
127066.jpg,4197
127070.jpg,8878
127124.jpg,8968
127138.jpg,2516
127141.jpg,6648
127142.jpg,7154
127169.jpg,5449
127243.jpg,5921
127263.jpg,4863
127271.jpg,7881
127293.jpg,9794
127303.jpg,3719
127378.jpg,8878
127384.jpg,6672
127405.jpg,8704
127433.jpg,9840
127441.jpg,8656
127493.jpg,4028
127523.jpg,6159
127581.jpg,1339
127589.jpg,8412
127638.jpg,4794
127667.jpg,2416
127705.jpg,4671
127709.jpg,6648
127722.jpg,4549
127727.jpg,6143
127728.jpg,8810
127794.jpg,1245
127877.jpg,2061
127920.jpg,3280
128042.jpg,4824
128071.jpg,2065
128160.jpg,6672
128239.jpg,8549
128285.jpg,8742
128289.jpg,1033
128304.jpg,987
128314.jpg,2065
128327.jpg,2065
128346.jpg,3745
128359.jpg,7120
128365.jpg,8723
128377.jpg,5391
128382.jpg,2573
128409.jpg,6159
128411.jpg,1805
128413.jpg,4197
128433.jpg,3648
128447.jpg,3648
128492.jpg,4720
128516.jpg,3383
128578.jpg,4126
128581.jpg,3929
128652.jpg,1646
128653.jpg,3098
128708.jpg,2301
128731.jpg,987
128871.jpg,2335
128890.jpg,6065
128953.jpg,9902
128975.jpg,3929
128987.jpg,3280
129000.jpg,9915
129007.jpg,6725
129009.jpg,6188
129048.jpg,4035
129052.jpg,8796
129094.jpg,1245
129101.jpg,3989
129112.jpg,8562
129133.jpg,2083
129177.jpg,8904
129234.jpg,1770
129248.jpg,2550
129259.jpg,5204
129260.jpg,4828
129311.jpg,1757
129333.jpg,7786
129338.jpg,8704
129371.jpg,10159
129397.jpg,7418
129426.jpg,7768
129476.jpg,3280
129521.jpg,7120
129525.jpg,1757
129579.jpg,987
129589.jpg,8818
129595.jpg,4828
129618.jpg,1646
129630.jpg,2516
129658.jpg,66
129674.jpg,4028
129691.jpg,2562
129695.jpg,1297
129705.jpg,6143
129752.jpg,8562
129755.jpg,6143
129792.jpg,7143
129827.jpg,8796
129847.jpg,6412
129859.jpg,8549
129860.jpg,2516
129906.jpg,1936
129953.jpg,9840
129967.jpg,1660
129975.jpg,6403
130012.jpg,8909
130030.jpg,4255
130037.jpg,4255
130051.jpg,3280
130054.jpg,8676
130070.jpg,5264
130084.jpg,10149
130123.jpg,4816
130145.jpg,5028
130164.jpg,1936
130175.jpg,1245
130217.jpg,4720
130218.jpg,3745
130260.jpg,1275
130343.jpg,6648
130448.jpg,8909
130475.jpg,1993
130485.jpg,2820
130502.jpg,3167
130542.jpg,1784
130574.jpg,363
130578.jpg,987
130630.jpg,6725
130647.jpg,8560
130667.jpg,1951
130675.jpg,7154
130678.jpg,95
130697.jpg,3270
130716.jpg,3648
130738.jpg,9090
130744.jpg,1936
130765.jpg,1275
130811.jpg,5635
130849.jpg,9152
130858.jpg,2820
130864.jpg,3895
130868.jpg,8904
130881.jpg,6143
130911.jpg,5262
130920.jpg,4849
131006.jpg,2573
131035.jpg,5509
131085.jpg,1784
131096.jpg,5042
131121.jpg,6143
131182.jpg,1580
131190.jpg,5418
131197.jpg,1033
131220.jpg,5416
131243.jpg,2114
131272.jpg,5509
131292.jpg,10149
131400.jpg,4054
131421.jpg,2160
131461.jpg,447
131491.jpg,9646
131495.jpg,8742
131497.jpg,4102
131531.jpg,1646
131534.jpg,6645
131546.jpg,1805
131579.jpg,6502
131620.jpg,3699
131707.jpg,4054
131724.jpg,6100
131731.jpg,2880
131796.jpg,6412
131849.jpg,4828
131871.jpg,284
131906.jpg,8562
131936.jpg,353
131975.jpg,3280
131981.jpg,6188
131982.jpg,8796
131983.jpg,2820
132023.jpg,6725
132035.jpg,4035
132058.jpg,5264
132068.jpg,1784
132109.jpg,353
132110.jpg,8560
132120.jpg,5262
132133.jpg,2221
132148.jpg,15
132151.jpg,9693
132161.jpg,8818
132171.jpg,4887
132181.jpg,9921
132206.jpg,8904
132229.jpg,4946
132238.jpg,8779
132252.jpg,2301
132288.jpg,9315
132312.jpg,6359
132370.jpg,6524
132407.jpg,1288
132443.jpg,5449
132527.jpg,8562
132563.jpg,5449
132575.jpg,7756
132596.jpg,2301
132644.jpg,8904
132671.jpg,447
132703.jpg,4255
132751.jpg,9090
132763.jpg,1580
132778.jpg,3167
132787.jpg,987
132796.jpg,6412
132811.jpg,3383
132816.jpg,5204
132831.jpg,8779
132833.jpg,4824
132855.jpg,2221
132910.jpg,5449
132917.jpg,1993
132927.jpg,6065
132938.jpg,1784
132939.jpg,9840
132946.jpg,3895
132952.jpg,6403
132953.jpg,1245
132961.jpg,8448
133008.jpg,3270
133017.jpg,5029
133098.jpg,6725
133117.jpg,6159
133147.jpg,2296
133157.jpg,9794
133174.jpg,4126
133177.jpg,6241
133266.jpg,4035
133295.jpg,5042
133301.jpg,4539
133304.jpg,4720
133415.jpg,3098
133463.jpg,4255
133558.jpg,6371
133579.jpg,9915
133603.jpg,2643
133673.jpg,4326
133729.jpg,6371
133758.jpg,1805
133815.jpg,10149
133834.jpg,9915
133836.jpg,8796
133848.jpg,567
133859.jpg,3699
133876.jpg,1993
133889.jpg,9156
133914.jpg,220
133942.jpg,1275
133975.jpg,4126
134007.jpg,2880
134045.jpg,3895
134068.jpg,6354
134099.jpg,4164
134134.jpg,4028
134164.jpg,8549
134173.jpg,9119
134187.jpg,8448
134236.jpg,8968
134258.jpg,991
134259.jpg,9026
134290.jpg,1784
134309.jpg,3719
134315.jpg,2296
134362.jpg,9840
134375.jpg,2253
134407.jpg,4671
134417.jpg,2603
134480.jpg,8656
134486.jpg,8878
134500.jpg,2296
134538.jpg,6188
134578.jpg,6412
134604.jpg,4262
134610.jpg,4054
134616.jpg,8648
134640.jpg,363
134650.jpg,2550
134693.jpg,2221
134737.jpg,8904
134774.jpg,5042
134824.jpg,991
134828.jpg,4126
134875.jpg,5416
134905.jpg,1264
134949.jpg,8810
134956.jpg,5029
134974.jpg,7131
134980.jpg,2573
134981.jpg,8562
134983.jpg,9315
134985.jpg,3648
135022.jpg,3895
135029.jpg,8648
135077.jpg,5638
135094.jpg,8648
135132.jpg,4782
135232.jpg,9794
135240.jpg,8796
135244.jpg,8796
135249.jpg,2870
135323.jpg,8878
135353.jpg,9840
135382.jpg,5638
135419.jpg,9090
135426.jpg,4163
135449.jpg,4828
135494.jpg,2070
135531.jpg,5921
135537.jpg,4987
135558.jpg,9315
135632.jpg,4163
135657.jpg,5264
135671.jpg,5638
135675.jpg,9921
135698.jpg,9119
135706.jpg,4849
135812.jpg,5313
135851.jpg,3989
135863.jpg,9315
135881.jpg,9902
135909.jpg,1770
135964.jpg,8818
135994.jpg,363
136021.jpg,3383
136034.jpg,987
136053.jpg,5125
136114.jpg,6645
136122.jpg,9156
136138.jpg,991
136204.jpg,4326
136213.jpg,2070
136214.jpg,3929
136285.jpg,9921
136286.jpg,5449
136332.jpg,3648
136364.jpg,10083
136366.jpg,8562
136435.jpg,4891
136481.jpg,4054
136497.jpg,3699
136521.jpg,4863
136553.jpg,353
136565.jpg,2160
136655.jpg,5638
136680.jpg,4054
136761.jpg,5449
136789.jpg,4720
136798.jpg,7418
136855.jpg,4720
136886.jpg,8562
136890.jpg,3989
136892.jpg,8779
136919.jpg,6159
136928.jpg,66
136933.jpg,8704
136966.jpg,4782
136993.jpg,6645
137020.jpg,8723
137064.jpg,1936
137114.jpg,3413
137140.jpg,1580
137170.jpg,4828
137215.jpg,9156
137223.jpg,8549
137276.jpg,991
137347.jpg,2820
137358.jpg,8807
137421.jpg,8810
137425.jpg,4863
137454.jpg,2114
137521.jpg,1951
137530.jpg,2870
137587.jpg,3962
137604.jpg,1187
137691.jpg,8878
137730.jpg,5262
137731.jpg,2065
137747.jpg,5732
137764.jpg,8549
137798.jpg,4164
137825.jpg,2301
137839.jpg,8704
137854.jpg,10159
137912.jpg,4891
137919.jpg,1805
138014.jpg,4163
138036.jpg,6143
138085.jpg,5050
138130.jpg,567
138160.jpg,5418
138166.jpg,1297
138180.jpg,9902
138257.jpg,3962
138271.jpg,6725
138287.jpg,8810
138346.jpg,4262
138392.jpg,5029
138465.jpg,6298
138469.jpg,6672
138519.jpg,6672
138538.jpg,1297
138551.jpg,5921
138595.jpg,7143
138604.jpg,5418
138642.jpg,5638
138647.jpg,8807
138656.jpg,5204
138681.jpg,1187
138697.jpg,4197
138700.jpg,7418
138704.jpg,7881
138705.jpg,4054
138726.jpg,9156
138737.jpg,8704
138770.jpg,1761
138802.jpg,4671
138933.jpg,9026
138976.jpg,1700
138992.jpg,5921
139001.jpg,4054
139029.jpg,7154
139067.jpg,3745
139102.jpg,4891
139106.jpg,2880
139127.jpg,3962
139172.jpg,363
139188.jpg,2483
139191.jpg,7418
139199.jpg,4054
139202.jpg,8708
139206.jpg,1297
139215.jpg,2870
139361.jpg,5508
139391.jpg,7519
139422.jpg,8968
139455.jpg,2296
139458.jpg,3167
139466.jpg,6502
139502.jpg,5509
139542.jpg,9156
139549.jpg,4887
139632.jpg,6100
139651.jpg,3383
139663.jpg,1660
139710.jpg,7786
139723.jpg,987
139754.jpg,4539
139757.jpg,7786
139799.jpg,5896
139959.jpg,4782
140006.jpg,3989
140044.jpg,7519
140052.jpg,7519
140065.jpg,5262
140125.jpg,2643
140160.jpg,4824
140187.jpg,4720
140206.jpg,2221
140279.jpg,6359
140307.jpg,2562
140369.jpg,4884
140399.jpg,871
140412.jpg,8656
140481.jpg,9026
140488.jpg,600
140564.jpg,5125
140582.jpg,9840
140584.jpg,4863
140622.jpg,7418
140665.jpg,8521
140742.jpg,8968
140744.jpg,8521
140796.jpg,1033
140844.jpg,6672
140874.jpg,2870
140934.jpg,7881
140935.jpg,2880
140978.jpg,8904
140986.jpg,5029
140994.jpg,5050
140999.jpg,4849
141001.jpg,5449
141016.jpg,8818
141040.jpg,567
141053.jpg,1757
141054.jpg,9902
141151.jpg,8723
141251.jpg,9026
141257.jpg,9315
141293.jpg,8549
141303.jpg,7519
141373.jpg,4255
141376.jpg,5125
141383.jpg,8708
141412.jpg,5050
141416.jpg,7519
141417.jpg,4720
141431.jpg,5921
141474.jpg,7519
141516.jpg,5028
141536.jpg,7768
141543.jpg,3699
141579.jpg,1936
141628.jpg,7131
141629.jpg,8412
141638.jpg,8412
141663.jpg,3699
141692.jpg,7768
141696.jpg,8521
141730.jpg,9840
141743.jpg,1936
141921.jpg,8818
141923.jpg,447
141996.jpg,95
142038.jpg,1761
142088.jpg,4891
142090.jpg,4887
142111.jpg,2083
142129.jpg,8723
142183.jpg,600
142230.jpg,4163
142234.jpg,6143
142322.jpg,10149
142330.jpg,15
142339.jpg,3989
142409.jpg,95
142417.jpg,4197
142473.jpg,7786
142489.jpg,6648
142495.jpg,7154
142515.jpg,7143
142555.jpg,6648
142591.jpg,4197
142607.jpg,5264
142631.jpg,1700
142641.jpg,3745
142743.jpg,6188
142776.jpg,7768
142800.jpg,9915
142823.jpg,1033
142833.jpg,1757
142840.jpg,4126
142847.jpg,8878
142911.jpg,7145
142948.jpg,4102
142996.jpg,9152
143022.jpg,4671
143057.jpg,9090
143064.jpg,4035
143097.jpg,3098
143098.jpg,1805
143110.jpg,8560
143116.jpg,6403
143199.jpg,5638
143222.jpg,5042
143226.jpg,4126
143270.jpg,3270
143376.jpg,9090
143398.jpg,9152
143419.jpg,9119
143431.jpg,8723
143447.jpg,5449
143449.jpg,3167
143472.jpg,8723
143482.jpg,3719
143558.jpg,4849
143574.jpg,4828
143577.jpg,7131
143603.jpg,5416
143623.jpg,9921
143655.jpg,4539
143749.jpg,8676
143837.jpg,4953
143859.jpg,4828
143898.jpg,6298
143924.jpg,5204
143941.jpg,6188
143949.jpg,7131
143973.jpg,66
144006.jpg,8708
144027.jpg,1993
144038.jpg,1301
144185.jpg,3962
144233.jpg,4054
144252.jpg,1646
144279.jpg,4262
144361.jpg,5638
144366.jpg,1264
144369.jpg,4549
144386.jpg,9646
144388.jpg,8412
144405.jpg,3098
144427.jpg,8412
144436.jpg,5635
144449.jpg,4164
144450.jpg,6359
144482.jpg,991
144496.jpg,9119
144536.jpg,8676
144574.jpg,5029
144579.jpg,3167
144580.jpg,8779
144592.jpg,1951
144605.jpg,6359
144612.jpg,2870
144644.jpg,6371
144657.jpg,8723
144664.jpg,2483
144682.jpg,3383
144695.jpg,2416
144711.jpg,7786
144719.jpg,8412
144760.jpg,5494
144763.jpg,4035
144777.jpg,7756
144819.jpg,4816
144826.jpg,220
144830.jpg,4816
144846.jpg,5449
144848.jpg,8909
144859.jpg,4887
144866.jpg,1805
144889.jpg,1297
144899.jpg,6645
144900.jpg,1700
144921.jpg,987
144996.jpg,6188
145038.jpg,9794
145042.jpg,4953
145086.jpg,8904
145138.jpg,1301
145181.jpg,5921
145214.jpg,8810
145296.jpg,5494
145310.jpg,3719
145353.jpg,4887
145392.jpg,4782
145428.jpg,4054
145433.jpg,2070
145440.jpg,1646
145443.jpg,5028
145447.jpg,1700
145474.jpg,1770
145551.jpg,8910
145659.jpg,5635
145680.jpg,5921
145722.jpg,3745
145745.jpg,6452
145746.jpg,8818
145830.jpg,284
145852.jpg,2562
145915.jpg,9902
146084.jpg,3699
146091.jpg,8676
146099.jpg,4255
146106.jpg,8807
146175.jpg,6241
146205.jpg,353
146263.jpg,4946
146288.jpg,5313
146296.jpg,2550
146330.jpg,9921
146333.jpg,3745
146334.jpg,4884
146341.jpg,4824
146345.jpg,4887
146385.jpg,6645
146497.jpg,1339
146519.jpg,9693
146527.jpg,7145
146541.jpg,4163
146548.jpg,284
146557.jpg,1301
146610.jpg,2335
146647.jpg,2221
146699.jpg,2562
146700.jpg,4794
146729.jpg,3383
146733.jpg,1187
146782.jpg,6354
146891.jpg,6645
146897.jpg,2516
146903.jpg,5029
146916.jpg,4891
146917.jpg,3270
146954.jpg,4163
146955.jpg,9026
146982.jpg,7145
147007.jpg,1700
147017.jpg,871
147028.jpg,4782
147030.jpg,2516
147041.jpg,6188
147072.jpg,4549
147095.jpg,1264
147097.jpg,5204
147134.jpg,9902
147155.jpg,447
147188.jpg,987
147199.jpg,1660
147213.jpg,6188
147216.jpg,991
147224.jpg,5508
147260.jpg,9315
147319.jpg,8676
147340.jpg,1993
147345.jpg,2603
147368.jpg,2483
147370.jpg,991
147404.jpg,7131
147444.jpg,6143
147446.jpg,4824
147461.jpg,1951
147493.jpg,1784
147512.jpg,5896
147571.jpg,2643
147601.jpg,9156
147639.jpg,6524
147742.jpg,5896
147748.jpg,5391
147760.jpg,5313
147801.jpg,5180
147819.jpg,9840
147831.jpg,1660
147832.jpg,6524
147841.jpg,9119
147866.jpg,8779
147892.jpg,8910
147930.jpg,3929
147963.jpg,871
147976.jpg,8521
147988.jpg,4255
147991.jpg,4582
148037.jpg,4794
148056.jpg,8910
148062.jpg,15
148075.jpg,1187
148077.jpg,6412
148274.jpg,353
148289.jpg,66
148307.jpg,4720
148376.jpg,1646
148494.jpg,3745
148508.jpg,1951
148602.jpg,10149
148618.jpg,8910
148633.jpg,4849
148674.jpg,5732
148687.jpg,4293
148696.jpg,991
148725.jpg,9840
148746.jpg,8708
148772.jpg,2550
148782.jpg,3648
148797.jpg,6143
148856.jpg,8818
148892.jpg,7756
148972.jpg,1951
148995.jpg,4953
149018.jpg,8742
149027.jpg,9794
149042.jpg,3745
149126.jpg,15
149275.jpg,6452
149299.jpg,8412
149310.jpg,4849
149329.jpg,4326
149406.jpg,2335
149412.jpg,7881
149439.jpg,5029
149442.jpg,6100
149460.jpg,3929
149659.jpg,2516
149695.jpg,3383
149740.jpg,2296
149752.jpg,3280
149807.jpg,4126
149830.jpg,4035
149850.jpg,5508
149879.jpg,7154
149901.jpg,1757
149908.jpg,1805
149945.jpg,5204
149990.jpg,7145
150062.jpg,3413
150082.jpg,8779
150085.jpg,1297
150135.jpg,4255
150164.jpg,5264
150196.jpg,8560
150206.jpg,2603
150295.jpg,1660
150326.jpg,6188
150360.jpg,2083
150423.jpg,4884
150437.jpg,1784
150459.jpg,6412
150475.jpg,5264
150504.jpg,6502
150514.jpg,4816
150537.jpg,2221
150544.jpg,2061
150572.jpg,6645
150622.jpg,6065
150680.jpg,5732
150699.jpg,6645
150701.jpg,5313
150758.jpg,4887
150767.jpg,4782
150768.jpg,8904
150798.jpg,5029
150799.jpg,4816
150805.jpg,8807
150822.jpg,3413
150887.jpg,4671
150905.jpg,2820
150919.jpg,1301
150940.jpg,1761
150961.jpg,1646
150973.jpg,7881
151046.jpg,2070
151048.jpg,66
151074.jpg,5125
151093.jpg,8910
151104.jpg,4054
151106.jpg,1993
151156.jpg,8656
151162.jpg,6412
151176.jpg,7786
151210.jpg,8878
151310.jpg,7786
151311.jpg,6100
151361.jpg,2061
151373.jpg,987
151382.jpg,9902
151399.jpg,2483
151447.jpg,1297
151473.jpg,4164
151513.jpg,4794
151553.jpg,5375
151617.jpg,8810
151632.jpg,1700
151666.jpg,4720
151677.jpg,5896
151687.jpg,1700
151702.jpg,2603
151729.jpg,2083
151772.jpg,567
151798.jpg,9026
151833.jpg,4953
151866.jpg,1660
151874.jpg,1301
151885.jpg,9840
151898.jpg,1936
151902.jpg,4671
151955.jpg,2573
151974.jpg,5264
152014.jpg,3929
152026.jpg,3648
152080.jpg,7519
152081.jpg,6502
152140.jpg,3962
152212.jpg,3413
152215.jpg,4028
152242.jpg,9065
152281.jpg,5264
152294.jpg,2083
152331.jpg,991
152340.jpg,1660
152358.jpg,2301
152394.jpg,9026
152399.jpg,4582
152409.jpg,2516
152411.jpg,3719
152418.jpg,5896
152431.jpg,2083
152439.jpg,2061
152451.jpg,9794
152474.jpg,7756
152555.jpg,284
152699.jpg,1033
152713.jpg,4035
152784.jpg,3895
152801.jpg,9646
152858.jpg,1301
152878.jpg,4671
152879.jpg,1805
152902.jpg,3383
152917.jpg,3962
152922.jpg,353
152942.jpg,5508
152960.jpg,6645
152986.jpg,567
152992.jpg,9915
153156.jpg,4891
153159.jpg,4163
153162.jpg,2061
153170.jpg,4824
153199.jpg,2573
153211.jpg,6568
153223.jpg,6412
153236.jpg,8878
153242.jpg,8704
153273.jpg,4164
153319.jpg,3280
153330.jpg,3929
153435.jpg,4582
153445.jpg,1187
153478.jpg,2114
153542.jpg,4849
153556.jpg,8412
153600.jpg,9915
153635.jpg,567
153701.jpg,5638
153727.jpg,6452
153728.jpg,3383
153738.jpg,2253
153788.jpg,1646
153800.jpg,5180
153803.jpg,1770
153812.jpg,4794
153830.jpg,6241
153856.jpg,4197
153891.jpg,7519
153898.jpg,6371
154001.jpg,5050
154010.jpg,2820
154050.jpg,4720
154053.jpg,95
154062.jpg,6241
154075.jpg,871
154086.jpg,3719
154092.jpg,2643
154112.jpg,5508
154164.jpg,3167
154320.jpg,2296
154337.jpg,1660
154361.jpg,3413
154374.jpg,2335
154376.jpg,363
154453.jpg,4720
154464.jpg,1700
154478.jpg,2253
154479.jpg,9840
154499.jpg,3895
154530.jpg,1245
154567.jpg,2065
154607.jpg,4884
154660.jpg,1805
154711.jpg,5732
154733.jpg,9693
154761.jpg,8810
154787.jpg,9915
154831.jpg,4054
154877.jpg,5264
154908.jpg,66
154918.jpg,8704
154958.jpg,2335
154983.jpg,6065
154998.jpg,6159
155013.jpg,4987
155047.jpg,8656
155048.jpg,8742
155071.jpg,6645
155085.jpg,6568
155138.jpg,4671
155179.jpg,3895
155181.jpg,4782
155210.jpg,7881
155256.jpg,4028
155267.jpg,3989
155270.jpg,1761
155288.jpg,3413
155299.jpg,9065
155347.jpg,3895
155368.jpg,5638
155383.jpg,8818
155397.jpg,4953
155401.jpg,10083
155404.jpg,2296
155419.jpg,2061
155514.jpg,6143
155518.jpg,4987
155537.jpg,6648
155542.jpg,6725
155564.jpg,3648
155620.jpg,9119
155634.jpg,2870
155648.jpg,1245
155669.jpg,8549
155722.jpg,4824
155735.jpg,9119
155779.jpg,8448
155804.jpg,1275
155824.jpg,8796
155863.jpg,991
155865.jpg,6524
155880.jpg,4828
155899.jpg,1301
155910.jpg,1770
155926.jpg,1245
155927.jpg,8704
155937.jpg,95
155959.jpg,8656
155971.jpg,8909
156000.jpg,8796
156041.jpg,8810
156084.jpg,8562
156090.jpg,9026
156102.jpg,6452
156107.jpg,4987
156163.jpg,9090
156186.jpg,4946
156227.jpg,8878
156268.jpg,8904
156283.jpg,2820
156302.jpg,9152
156313.jpg,4891
156330.jpg,9915
156342.jpg,2573
156364.jpg,8968
156390.jpg,6568
156433.jpg,4035
156444.jpg,4102
156482.jpg,4164
156507.jpg,2301
156530.jpg,4828
156563.jpg,9902
156564.jpg,7145
156579.jpg,6298
156590.jpg,95
156621.jpg,4953
156626.jpg,4953
156671.jpg,10149
156708.jpg,2070
156733.jpg,8818
156763.jpg,6354
156847.jpg,8708
156889.jpg,7418
156935.jpg,8704
156937.jpg,2603
156960.jpg,4326
157030.jpg,5313
157034.jpg,7131
157044.jpg,8676
157055.jpg,3167
157061.jpg,7768
157065.jpg,8648
157067.jpg,4539
157091.jpg,4255
157118.jpg,10159
157138.jpg,6159
157176.jpg,871
157293.jpg,2603
157307.jpg,4293
157308.jpg,2416
157420.jpg,5028
157427.jpg,2483
157476.jpg,5313
157505.jpg,4054
157509.jpg,7143
157546.jpg,2573
157548.jpg,1264
157558.jpg,8807
157562.jpg,2160
157564.jpg,2416
157611.jpg,6403
157618.jpg,8807
157641.jpg,4863
157648.jpg,7756
157683.jpg,5125
157721.jpg,5391
157729.jpg,4794
157731.jpg,567
157739.jpg,1757
157826.jpg,2820
157829.jpg,6725
157868.jpg,8704
157895.jpg,3280
157898.jpg,7154
157921.jpg,1770
157974.jpg,8704
157988.jpg,4539
158002.jpg,1770
158066.jpg,4794
158072.jpg,6188
158102.jpg,5028
158103.jpg,2160
158107.jpg,2253
158108.jpg,5050
158112.jpg,7145
158133.jpg,4255
158141.jpg,4262
158151.jpg,2573
158154.jpg,7131
158165.jpg,66
158168.jpg,8723
158177.jpg,2416
158228.jpg,1660
158243.jpg,1301
158295.jpg,66
158321.jpg,4293
158385.jpg,4582
158397.jpg,3270
158404.jpg,5028
158440.jpg,220
158455.jpg,2573
158509.jpg,1297
158520.jpg,9646
158540.jpg,4197
158549.jpg,1288
158590.jpg,4126
158702.jpg,1936
158725.jpg,2603
158728.jpg,6403
158741.jpg,4794
158755.jpg,1245
158762.jpg,2301
158809.jpg,5638
158811.jpg,4891
158826.jpg,7143
158911.jpg,4164
158912.jpg,4884
158924.jpg,3699
158951.jpg,1993
158964.jpg,1301
158971.jpg,6371
159007.jpg,2061
159008.jpg,3929
159031.jpg,66
159053.jpg,1784
159065.jpg,9915
159066.jpg,5508
159098.jpg,6672
159165.jpg,9693
159185.jpg,8676
159214.jpg,1951
159219.jpg,6412
159252.jpg,4824
159287.jpg,2573
159295.jpg,2114
159354.jpg,8904
159363.jpg,8448
159432.jpg,4782
159489.jpg,9794
159511.jpg,600
159537.jpg,4887
159588.jpg,6568
159601.jpg,4987
159614.jpg,4671
159622.jpg,4953
159640.jpg,8810
159666.jpg,2416
159684.jpg,4849
159704.jpg,8708
159812.jpg,1275
159852.jpg,5449
159860.jpg,6100
159967.jpg,4262
159983.jpg,8968
160017.jpg,7120
160025.jpg,4953
160031.jpg,15
160035.jpg,1245
160041.jpg,6502
160045.jpg,95
160049.jpg,5732
160104.jpg,1339
160160.jpg,1033
160200.jpg,1660
160252.jpg,3280
160279.jpg,8818
160330.jpg,4782
160360.jpg,5313
160379.jpg,871
160380.jpg,9921
160408.jpg,4539
160422.jpg,4953
160434.jpg,1757
160442.jpg,1761
160468.jpg,6403
160507.jpg,6502
160543.jpg,4863
160563.jpg,3098
160581.jpg,9315
160590.jpg,4582
160621.jpg,1646
160649.jpg,6354
160736.jpg,2603
160753.jpg,4849
160789.jpg,6645
160794.jpg,4163
160893.jpg,8448
160900.jpg,6359
160933.jpg,1339
160934.jpg,7154
160936.jpg,2335
160946.jpg,4582
160957.jpg,2643
160997.jpg,3383
161001.jpg,4953
161047.jpg,2160
161064.jpg,9646
161088.jpg,1245
161126.jpg,4671
161166.jpg,5509
161174.jpg,5029
161191.jpg,991
161223.jpg,10149
161231.jpg,7519
161261.jpg,3895
161294.jpg,1288
161308.jpg,7154
161313.jpg,6371
161393.jpg,4863
161483.jpg,2061
161508.jpg,5896
161530.jpg,4946
161683.jpg,1784
161746.jpg,1805
161748.jpg,1784
161764.jpg,5921
161767.jpg,6065
161801.jpg,7143
161845.jpg,4126
161855.jpg,2603
161885.jpg,4293
161892.jpg,4816
161893.jpg,2573
161923.jpg,4849
162068.jpg,2114
162103.jpg,5313
162135.jpg,220
162166.jpg,9646
162170.jpg,5375
162196.jpg,6524
162203.jpg,5896
162219.jpg,2643
162236.jpg,220
162344.jpg,1784
162346.jpg,4539
162386.jpg,5508
162476.jpg,9065
162480.jpg,4849
162502.jpg,5313
162533.jpg,6452
162536.jpg,66
162539.jpg,5028
162552.jpg,5391
162554.jpg,7756
162565.jpg,4953
162572.jpg,7070
162575.jpg,8810
162586.jpg,6412
162618.jpg,4293
162640.jpg,9152
162643.jpg,3699
162692.jpg,4816
162713.jpg,3167
162760.jpg,10149
162911.jpg,3782
162999.jpg,3782
163029.jpg,3782
163292.jpg,3227
163342.jpg,3227
163433.jpg,3227
163651.jpg,4740
163982.jpg,4740
164055.jpg,3227
164502.jpg,3227
164720.jpg,4740
164865.jpg,3227
165037.jpg,3782
165787.jpg,4740
165896.jpg,4740
165930.jpg,4740
165950.jpg,4740
166412.jpg,4740
166481.jpg,3227
166735.jpg,4740
166868.jpg,4740
167889.jpg,4740
168147.jpg,4740
168160.jpg,3227
168682.jpg,3782
168897.jpg,3782
169007.jpg,3782
169090.jpg,4740
169323.jpg,4740
169332.jpg,3227
169376.jpg,3782
169940.jpg,4740
170001.jpg,3227
170261.jpg,3227
170404.jpg,3782
170479.jpg,3782
170771.jpg,3227
171845.jpg,4740
171864.jpg,3227
172066.jpg,3227
172613.jpg,3227
172626.jpg,3227
172659.jpg,4740
172732.jpg,4740
172935.jpg,3227
172992.jpg,3227
173006.jpg,3782
173054.jpg,3782
173077.jpg,3782
173218.jpg,3782
173228.jpg,3227
173826.jpg,4740
173996.jpg,3782
174009.jpg,3782
174216.jpg,4740
175312.jpg,4740
175532.jpg,3782
175541.jpg,3782
175760.jpg,3782
176466.jpg,3227
176588.jpg,3227
176733.jpg,3227
176864.jpg,3782
177091.jpg,3782
177431.jpg,4740
177512.jpg,3227
177992.jpg,3227
178019.jpg,3782
178103.jpg,3782
178292.jpg,3227
178326.jpg,3227
178352.jpg,4740
178416.jpg,3227
178528.jpg,3782
178574.jpg,3782
178726.jpg,3782
178808.jpg,4740
178820.jpg,3227
178900.jpg,3227
179022.jpg,4740
179040.jpg,3227
179045.jpg,4740
179137.jpg,3227
179170.jpg,3227
179286.jpg,3782
179391.jpg,3227
179667.jpg,4740
180343.jpg,3782
180478.jpg,3782
180481.jpg,3782
180837.jpg,3227
180853.jpg,3782
180890.jpg,3782
181300.jpg,3782
181566.jpg,4740
181836.jpg,3227
182155.jpg,3782
182190.jpg,4740
182314.jpg,4740
182371.jpg,3782
182473.jpg,4740
182907.jpg,4978
182996.jpg,9256
183020.jpg,4978
183047.jpg,4978
183174.jpg,4978
183226.jpg,4978
183495.jpg,9256
183522.jpg,9256
183557.jpg,4978
183710.jpg,9256
183769.jpg,9256
183867.jpg,4978
184315.jpg,9256
184767.jpg,9256
184786.jpg,4978
185053.jpg,4978
185106.jpg,4978
185111.jpg,4978
185373.jpg,4978
185489.jpg,9256
185906.jpg,9256
186842.jpg,9256
187105.jpg,4978
187265.jpg,4978
187551.jpg,4978
188054.jpg,9256
188214.jpg,4978
189667.jpg,9256
190304.jpg,4978
190371.jpg,9256
190476.jpg,9256
191232.jpg,9256
191730.jpg,9256
192827.jpg,9256
193296.jpg,4978
193593.jpg,4978
193663.jpg,4978
193742.jpg,4978
193764.jpg,4978
193945.jpg,9256
194287.jpg,4978
194307.jpg,9256
194952.jpg,9256
196329.jpg,9256
196836.jpg,4978
196956.jpg,9256
197254.jpg,9256
197522.jpg,4978
197700.jpg,9256
197768.jpg,9256
198289.jpg,9256
198401.jpg,9256
198610.jpg,4978
198747.jpg,4978
199439.jpg,4978
199815.jpg,4978
199890.jpg,4978
200306.jpg,9256
200678.jpg,9256
200853.jpg,9256
201865.jpg,9256
201873.jpg,9256
202017.jpg,4978
